"Date","VWAP","Vol","Open","Close","High","Low"
2011-09-13,5.92923064835594,58.37138238,5.8,5.97,6,5.65
2011-09-14,5.59079751434376,61.14598362,5.58,5.53,5.72,5.52
2011-09-15,5.09427191413743,80.1407952,5.12,5.13,5.24,5
2011-09-16,4.85451504708367,39.9140068,4.82,4.85,4.87,4.8
2011-09-17,4.87,0.3,4.87,4.87,4.87,4.87
2011-09-18,4.8395755941018,119.8128,4.87,4.92,4.92,4.81
2011-09-19,4.9,20,4.9,4.9,4.9,4.9
2011-09-20,5.3880536932079,89.28071068,4.92,5.66,5.66,4.92
2011-09-21,5.70607487898239,17.62932238,5.7,5.66,5.79,5.66
2011-09-22,5.69696045585094,43.77842238,5.68,5.72,5.72,5.68
2011-09-23,5.70709887470457,20.68003681,5.7,5.72,5.72,5.7
2011-09-24,5.72249401876397,90.58706633,5.7,5.68,5.76,5.68
2011-09-25,6.05,12.22,6.05,6.05,6.05,6.05
2011-09-26,5.98307348099533,39.57846334,6.06,4.8,6.06,4.8
2011-09-27,4.89540167114907,24.3545,4.85,4.92,4.92,4.85
2011-09-28,4.86249770274702,83.0533258,4.9,4.82,4.91,4.82
2011-09-29,4.81634481363583,46.9645,4.81,4.82,4.82,4.81
2011-09-30,NA,0,NA,NA,NA,NA
2011-10-01,NA,0,NA,NA,NA,NA
2011-10-02,NA,0,NA,NA,NA,NA
2011-10-03,4.84777190896767,30.57595,4.85,4.87,4.87,4.83
2011-10-04,4.92473681348504,142.52162238,4.86,4.98,5.3,4.8
2011-10-05,5.02941874780162,113.72,4.92,4.92,6.25,4.8
2011-10-06,4.90884610661961,170.84354937,4.88,4.8,4.99,4.8
2011-10-07,4.68762890955199,94.64,4.8,4.61,4.81,4.59
2011-10-08,4.45553571428571,56,4.57,3.99,4.57,3.99
2011-10-09,3.89,11,3.89,3.89,3.89,3.89
2011-10-10,4.49830189838491,132.5,3.99,4.51,4.51,3.99
2011-10-11,3.99896452356557,78.08,3.98,4.1,4.1,3.98
2011-10-12,3.94396411175184,79.523525,3.95,3.93,3.99,3.93
2011-10-13,3.9529227931796,109.621766,3.93,3.97,3.97,3.93
2011-10-14,4.05,96.97751266,4.05,4.05,4.05,4.05
2011-10-15,NA,0,NA,NA,NA,NA
2011-10-16,NA,0,NA,NA,NA,NA
2011-10-17,3.92,10.24,3.92,3.92,3.92,3.92
2011-10-18,NA,0,NA,NA,NA,NA
2011-10-19,NA,0,NA,NA,NA,NA
2011-10-20,2.24755021482813,61.972332,2.22,2.24,2.29,2.22
2011-10-21,2.24035990620057,41.46334066,2.22,2.27,2.27,2.22
2011-10-22,NA,0,NA,NA,NA,NA
2011-10-23,NA,0,NA,NA,NA,NA
2011-10-24,2.92988069414317,64.54,2.99,2.92,2.99,2.92
2011-10-25,2.69146910747058,130.29932366,2.66,2.72,2.72,2.66
2011-10-26,2.6834156401477,268.26897266,2.72,2.69,3,2.67
2011-10-27,NA,0,NA,NA,NA,NA
2011-10-28,3.76235453517061,118.37787266,3.07,4.2,4.36,3.07
2011-10-29,3.87126835264328,88.432425,3.69,3.95,4.4,3.69
2011-10-30,3.67057326688686,116.381395,3.85,3.5,3.85,3.2
2011-10-31,3.28860505671644,68.99404308,3.25,3.3,3.55,3.2
2011-11-01,3.3224608758083,38.7771206,3.32,3.33,3.33,3.32
2011-11-02,NA,0,NA,NA,NA,NA
2011-11-03,NA,0,NA,NA,NA,NA
2011-11-04,3.32735777598393,117.08103867,3.27,3.55,3.55,3.21
2011-11-05,3.1314118169874,103.512,3.21,3,3.21,3
2011-11-06,2.95,203.388,2.95,2.95,2.95,2.95
2011-11-07,NA,0,NA,NA,NA,NA
2011-11-08,3.08,47.47212389,3.08,3.08,3.08,3.08
2011-11-09,3.19941894082973,58.86052015,3.09,3.3,3.3,3.09
2011-11-10,3.18938966016075,121.66777314,3.25,3.3,3.3,2.95
2011-11-11,3.3,65.434,3.3,3.3,3.3,3.3
2011-11-12,3.35,2.79,3.35,3.35,3.35,3.35
2011-11-13,3.35,29.48955224,3.35,3.35,3.35,3.35
2011-11-14,2.75830970556161,183.4,2.95,2.47,2.95,2.47
2011-11-15,2.63468292106912,97.3416118,2.99,2.5,3,2.5
2011-11-16,2.98080712167311,5.61666667,2.51,3,3,2.51
2011-11-17,2.78260878793621,17.01862876,3,2.99,3,2.5
2011-11-18,2.53606965174129,88.44,2.5,2.5,2.79,2.5
2011-11-19,2.44612780339274,48.87212355,2.5,2.43,2.5,2.43
2011-11-20,2.37,11,2.37,2.37,2.37,2.37
2011-11-21,2.43529773827873,290.52677579,2.45,2.25,3,2.25
2011-11-22,2.46926794333103,328.49334593,2.53,2.59,2.59,2.46
2011-11-23,NA,0,NA,NA,NA,NA
2011-11-24,2.87089669530751,9.1446088,2.54,3,3,2.54
2011-11-25,3.15305423257023,179.78726599,2.5,2.75,15,2.5
2011-11-26,2.77,10.09025271,2.77,2.77,2.77,2.77
2011-11-27,NA,0,NA,NA,NA,NA
2011-11-28,2.69921658550352,180.36714898,2.67,2.66,2.78,2.66
2011-11-29,2.773823270895,62.46464882,2.69,2.72,3.23,2.69
2011-11-30,3.19,14.53918495,3.19,3.19,3.19,3.19
2011-12-01,3.44678983722421,233.78003348,3.46,3.42,3.48,3.3
2011-12-02,3.14707436242592,131.75704018,3.45,3.04,3.45,3.04
2011-12-03,2.93,0.5,2.93,2.93,2.93,2.93
2011-12-04,NA,0,NA,NA,NA,NA
2011-12-05,2.95171139388152,207.3632656,2.82,2.93,2.99,2.82
2011-12-06,3.05275121612586,216.10928902,2.9,2.98,3.25,2.89
2011-12-07,3.19935267286461,233.20920018,3.05,3.3,3.35,3.05
2011-12-08,3.16774668381451,115.71772709,3.27,3.3,3.5,2.95
2011-12-09,NA,0,NA,NA,NA,NA
2011-12-10,3.11859577715594,12.284375,3.2,3.2,3.2,3
2011-12-11,3.27761001502779,157.77889484,3.17,3.27,3.37,3.17
2011-12-12,3.50885228737024,75.61897495,3.37,3.48,3.6,3.37
2011-12-13,3.45016000579836,66.15055522,3.25,3.56,3.59,3.25
2011-12-14,3.44170016269877,90.7647307,3.42,3.47,3.49,3.42
2011-12-15,3.43540032725758,102.74202898,3.39,3.45,3.45,3.39
2011-12-16,3.44060139356362,84.613001,3.25,3.44,3.5,3.25
2011-12-17,NA,0,NA,NA,NA,NA
2011-12-18,3.39792874894746,17.24285714,3.25,3.5,3.5,3.25
2011-12-19,3.80966811760506,134.73429197,3.5,3.85,3.98,3.5
2011-12-20,4.57003034577305,94.74335338,4.75,4.55,4.75,4.53
2011-12-21,4.38,20.89954338,4.38,4.38,4.38,4.38
2011-12-22,4.18381884480792,8.53526439,4.19,4.17,4.19,4.17
2011-12-23,4.18625701648856,149.49256188,3.86,4.22,4.35,3.84
2011-12-24,4.33,27.22479474,4.33,4.33,4.33,4.33
2011-12-25,4.30397596469138,24.182423,4.32,4.27,4.32,4.27
2011-12-26,4.29600078560781,56.73660508,4.27,4.33,4.33,4.27
2011-12-27,4.31066492955843,58.07386739,4.33,4.29,4.33,4.29
2011-12-28,4.26789587568033,35.55011655,4.29,4.3,4.3,4.25
2011-12-29,4.34832112064919,36.56096221,4.3,4.5,4.5,4.3
2011-12-30,4.23234753065829,56.74004969,4.26,4.21,4.5,4.21
2011-12-31,4.46212553229613,95.3178781,4.39,4.58,4.58,4.39
2012-01-01,4.89672993241367,21.602,4.58,5,5,4.58
2012-01-02,5,19.048,5,5,5,5
2012-01-03,5.27964067777345,88.03728092,5.32,5.29,5.32,5.14
2012-01-04,5.29757461686195,107.23326023,4.93,5.57,5.57,4.93
2012-01-05,6.19961419833894,94.80182926,5.72,6.65,6.65,5.72
2012-01-06,6.57577205742126,33.88274671,6.65,6,6.9,6
2012-01-07,6.8,0.29585799,6.8,6.8,6.8,6.8
2012-01-08,6.92,5,6.9,7,7,6.9
2012-01-09,6.62553022079726,66.8693229,6.99,6.3,6.99,6.23
2012-01-10,6.63355620316237,62.28998018,6.24,7.14,7.14,6.24
2012-01-11,7.05219374194747,105.35893402,7.14,7,7.33,6.25
2012-01-12,7.26670441249906,82.30163181,6.95,6.51,7.38,6.51
2012-01-13,7.04382957750508,48.97014484,6.8,6.6,7.36,6.6
2012-01-14,6.44373960560703,16.836,6.5,6.3,6.5,6.3
2012-01-15,7.15,16.6993007,7.15,7.15,7.15,7.15
2012-01-16,6.85808929954367,12.64929577,6.2,7.1,7.1,6.2
2012-01-17,6.12819805341491,80.51400824,6.5,6,6.9,6
2012-01-18,6.1517607921297,133.44676912,5.99,7.1,7.1,5.99
2012-01-19,6.25100260435327,246.71581895,5.52,6.22,7,5.52
2012-01-20,6.75392637080624,95.82599863,6.9,6.95,6.95,6.55
2012-01-21,6.29208123551563,81.41385241,6.3,6.77,6.77,6.28
2012-01-22,6.16956114034152,81.27103303,6.79,6.79,6.83,6.03
2012-01-23,6.41044895419582,94.92062909,6.5,6.52,6.52,6
2012-01-24,6.44423500752841,85.44624147,6.52,6.55,6.57,6
2012-01-25,6.23731456811564,81.1232564,6.26,6.31,6.86,6
2012-01-26,6.14731751723753,29.91907058,6.27,5.5,6.3,5.5
2012-01-27,5.73890012007882,92.07999287,3.8,5.88,6.03,3.8
2012-01-28,4.91,0.25,4.91,4.91,4.91,4.91
2012-01-29,5.522085375796,9.45484643,5.89,5.5,5.9,5.3
2012-01-30,5.535672823219,15.16,5.3,5.58,5.58,5.3
2012-01-31,5.78334165920012,110.50333334,5.7,5.3,6.22,3.8
2012-02-01,5.90462258904453,12.05880628,5.53,5.88,5.99,5.52
2012-02-02,6.14281350921916,251.00093001,5.99,6.28,6.28,5.89
2012-02-03,6.11208404606119,155.5524532,6.29,6.3,6.35,5.93
2012-02-04,6.03045882526668,67.63499409,6.35,5.94,6.5,5.94
2012-02-05,5.85922278662293,47.85042396,5.93,5.6,6.15,5.6
2012-02-06,5.54687787513909,29.17833833,5.6,5.6,5.9,5.2
2012-02-07,5.66568322074579,165.40541896,5.5,5.69,5.88,5.5
2012-02-08,5.7116248911241,83.57202011,5.79,5.87,5.87,5.66
2012-02-09,5.77621304561664,83.60318875,5.52,5.89,5.89,5.51
2012-02-10,5.87934334784372,176.93050375,5.88,5.88,5.88,5.8
2012-02-11,5.52005463296968,1.8794878,5.71,5.5,5.71,5.5
2012-02-12,5.72597482837753,64.8434324,5.78,5.67,5.78,5.55
2012-02-13,5.72545693341715,99.78443902,5.53,5.79,5.79,5.5
2012-02-14,5.16208334820926,128.34493428,5.2,4.89,5.8,4.56
2012-02-15,4.95222043008972,67.78916535,4.9,4.69,5.08,4.69
2012-02-16,4.62834421254834,115.6239213,4.5,4.51,4.98,4.15
2012-02-17,4.70528674774559,244.67028923,4.67,4.67,4.8,4.5
2012-02-18,4.407721816042,254.39025201,4.67,4.23,4.73,4.14
2012-02-19,4.32882757458431,92.68354434,4.38,4.38,4.38,4.3
2012-02-20,4.55754296132902,315.93925361,4.72,4.44,4.72,4.4
2012-02-21,4.45016115514879,358.44920149,4.52,4.58,4.58,4.3
2012-02-22,4.53276630258826,75.30876636,4.47,4.51,4.59,4.46
2012-02-23,4.9187669211698,714.84400933,4.59,5.22,5.22,4.55
2012-02-24,5.14793325181542,37.59711782,5.12,4.95,5.22,4.95
2012-02-25,5.01246160391831,119.80740151,5.11,5,5.11,5
2012-02-26,4.92420537897311,40.9,4.79,4.98,5.07,4.78
2012-02-27,5.0575776552476,309.05231411,4.97,5.04,5.1,4.95
2012-02-28,5.0235497397019,440.24138707,5.09,4.88,5.1,4.71
2012-02-29,4.94501538203219,242.23784635,4.97,4.99,5,4.85
2012-03-01,4.99731872037049,291.16358119,4.99,5,5.05,4.9
2012-03-02,4.74270808102414,245.97471171,4.99,4.79,4.99,4.64
2012-03-03,4.68442141315488,125.91831514,4.81,4.65,4.99,4.6
2012-03-04,4.79598210271136,113.6084153,4.78,4.81,4.81,4.77
2012-03-05,4.96071773773013,518.05455153,4.8,5.06,5.06,4.77
2012-03-06,4.99459001081689,296.62794242,5,4.98,5.05,4.95
2012-03-07,5.07346069041997,373.49234495,5.05,4.93,5.09,4.93
2012-03-08,4.96110698214701,326.5657549,4.94,5.01,5.08,4.87
2012-03-09,5.02792474281709,277.58947934,5.01,4.93,5.07,4.93
2012-03-10,4.85743964057484,114.04892826,4.91,4.94,4.99,4.85
2012-03-11,4.90133894053143,24.68252609,4.94,5,5,4.84
2012-03-12,4.95522424377278,108.76167997,4.85,4.99,4.99,4.85
2012-03-13,5.05766406101865,734.65394306,4.99,5.3,5.32,4.96
2012-03-14,5.35317643827299,1129.74327668,5.32,5.27,5.44,5.27
2012-03-15,5.36037670461853,633.16784947,5.27,5.39,5.43,5.27
2012-03-16,5.35702190568739,157.69794429,5.3,5.26,5.41,5.26
2012-03-17,5.39169235537783,143.87332861,5.38,5.42,5.42,5.38
2012-03-18,5.33661414618879,412.66352117,5.41,5.25,5.42,5.24
2012-03-19,5.07478390585193,415.19375675,5.24,4.83,5.37,4.83
2012-03-20,4.89074203454095,279.75591707,4.82,4.79,4.97,4.79
2012-03-21,4.93480873135331,9.32862903,4.9,4.96,4.96,4.9
2012-03-22,4.87204902612758,396.4109947,4.86,4.91,4.98,4.72
2012-03-23,4.62908467010605,393.13018484,4.73,4.78,4.89,4.6
2012-03-24,4.80440675274751,191.53850932,4.72,4.83,4.83,4.62
2012-03-25,4.58219991831078,15.47357192,4.61,4.54,4.84,4.54
2012-03-26,4.56575063526368,64.76455997,4.6,4.73,4.75,4.54
2012-03-27,4.78734419835501,369.59079623,4.54,4.84,4.97,4.54
2012-03-28,4.85547174133782,418.64896346,4.75,4.93,4.95,4.72
2012-03-29,4.84445189910706,110.39370311,4.93,4.84,4.93,4.77
2012-03-30,4.85723113360585,161.39879423,4.81,4.88,4.91,4.76
2012-03-31,4.91016941137262,158.37378321,4.9,4.9,4.92,4.89
2012-04-01,4.79312554873073,308.5058652,4.89,4.89,4.89,4.77
2012-04-02,4.9260484500678,888.57861157,4.8,5.04,5.04,4.78
2012-04-03,4.97073785718048,244.30290125,5.04,4.99,5.04,4.86
2012-04-04,4.91519397482635,305.43564088,4.92,5.01,5.01,4.86
2012-04-05,4.96502351691454,400.86488523,4.99,5,5.04,4.89
2012-04-06,4.88161796438416,725.95771755,4.9,4.99,4.99,4.81
2012-04-07,4.7915946093351,228.65562961,4.94,4.7,4.94,4.7
2012-04-08,4.75130819927698,177.21795867,4.8,4.76,4.8,4.69
2012-04-09,4.77373342597057,158.55832457,4.7,4.75,4.85,4.7
2012-04-10,4.8140529819017,314.81763742,4.75,4.8,4.87,4.75
2012-04-11,4.87096366651978,425.60463177,4.86,4.92,4.92,4.78
2012-04-12,4.84671066125426,756.79455183,4.87,4.93,4.93,4.73
2012-04-13,4.89476746566079,1102.2658949,4.88,4.93,4.95,4.81
2012-04-14,4.97165159157003,544.64998903,4.94,4.96,5.01,4.94
2012-04-15,4.95688209505465,114.97408628,4.96,4.99,4.99,4.92
2012-04-16,4.95713672083871,487.00754874,4.93,4.98,4.98,4.93
2012-04-17,4.98161107639603,282.51538718,4.99,4.98,4.99,4.95
2012-04-18,5.10167577362176,839.9317501,4.98,5.16,5.18,4.98
2012-04-19,5.11405755108758,562.65170962,5.17,5.13,5.18,5.06
2012-04-20,5.16852483021312,372.83588987,5.15,5.38,5.38,5.09
2012-04-21,5.25703500441923,301.94356518,5.4,5.24,5.43,5.19
2012-04-22,5.21099098956036,139.56864263,5.24,5.17,5.25,5.17
2012-04-23,5.14419335434781,947.46097438,5.2,5,5.25,5
2012-04-24,5.08418890962377,1975.83110589,4.99,5.08,5.15,4.98
2012-04-25,5.01464018278694,1634.21397671,5.12,5.14,5.14,4.86
2012-04-26,5.02198481157245,762.130218,5.1,4.98,5.12,4.86
2012-04-27,5.01111894246097,718.01401093,5.03,5.04,5.08,4.99
2012-04-28,4.9598238446151,205.02552687,5.07,4.91,5.07,4.85
2012-04-29,4.88020974011721,62.87862749,4.92,4.91,4.96,4.81
2012-04-30,4.94626221399946,490.58077756,4.92,5,5.02,4.87
2012-05-01,4.97423921375666,831.74622588,4.94,4.97,5.04,4.86
2012-05-02,5.07476056435502,495.3171434,5.01,5.06,5.15,5.01
2012-05-03,5.10587149562972,645.08940157,5.06,5.1,5.13,5.05
2012-05-04,5.11495782549959,776.04276349,5.1,5.07,5.15,5.07
2012-05-05,5.06578518029039,415.56904636,5.09,5.04,5.11,5.04
2012-05-06,5.05264858489201,1234.04605556,5.06,5.08,5.1,5.02
2012-05-07,5.03445520712907,874.47864459,5.05,5.05,5.08,4.97
2012-05-08,5.04619539700492,640.55868732,5.06,5.02,5.08,4.99
2012-05-09,5.038552955866,350.28159466,5.02,5.02,5.08,5.01
2012-05-10,4.99070997669057,907.11429341,5.02,4.87,5.04,4.87
2012-05-11,4.9266920953863,413.82665677,4.97,4.95,4.97,4.87
2012-05-12,4.92687078648598,219.33389116,4.95,4.91,4.97,4.91
2012-05-13,4.94178748513839,395.46296566,4.95,4.94,4.95,4.94
2012-05-14,4.9265588518985,718.72911768,4.93,4.93,4.99,4.88
2012-05-15,4.96395388576182,600.99596383,4.95,4.95,5.01,4.9
2012-05-16,5.01085553692966,178.0332215,5,5.04,5.04,4.98
2012-05-17,5.0252633252429,611.21283218,5.02,5.02,5.03,5.01
2012-05-18,5.04947011861588,912.52426975,5.03,5.07,5.07,5.03
2012-05-19,5.06865575571743,168.0059752,5.08,5.07,5.08,5.05
2012-05-20,5.07399260507218,26.40212653,5.03,5.03,5.08,5.03
2012-05-21,5.05946322657101,354.05739561,5.04,5.08,5.09,5.01
2012-05-22,5.05125141105886,678.06758546,5.05,5.03,5.07,5
2012-05-23,5.06408885244248,558.15131265,5.02,5.1,5.1,5.02
2012-05-24,5.09220833644585,904.74009563,5.08,5.12,5.12,5.04
2012-05-25,5.08749498578995,274.91026252,5.09,5.08,5.1,5.08
2012-05-26,5.08837608551645,388.70621698,5.08,5.07,5.09,5.06
2012-05-27,5.0537987106808,913.52967246,5.08,5.07,5.08,5
2012-05-28,5.07898054864031,180.68383317,5.08,5.07,5.08,5.07
2012-05-29,5.07021655175189,1341.51430437,5.07,5.11,5.12,4.95
2012-05-30,5.12010592348612,748.4016813,5.07,5.14,5.14,5.07
2012-05-31,5.12888816165453,1102.63991433,5.14,5.17,5.17,5.1
2012-06-01,5.20949974216813,473.66441064,5.17,5.22,5.24,5.16
2012-06-02,5.1945591800515,192.43478463,5.2,5.19,5.21,5.17
2012-06-03,5.1930081706745,14.33475413,5.19,5.19,5.2,5.19
2012-06-04,5.18461377484653,1359.1183093,5.18,5.22,5.24,5.14
2012-06-05,5.36301977488342,929.19495142,5.22,5.37,5.49,5.22
2012-06-06,5.43684879633589,770.84630967,5.39,5.41,5.49,5.37
2012-06-07,5.47275460588103,1412.87520676,5.41,5.53,5.53,5.4
2012-06-08,5.5644524900527,1397.44902146,5.48,5.61,5.63,5.46
2012-06-09,5.57395077232698,353.65603433,5.6,5.48,5.62,5.47
2012-06-10,5.46433227380192,270.95117635,5.54,5.42,5.54,5.42
2012-06-11,5.45982622208938,667.67216608,5.48,5.52,5.57,5.4
2012-06-12,5.86903541472698,9330.40796353,5.57,5.71,5.9,5.53
2012-06-13,5.85781671918729,1690.19740728,5.77,5.86,6,5.71
2012-06-14,5.84082979519475,3236.5087261,5.86,5.9,5.91,5.79
2012-06-15,5.86020924434167,2041.44728739,5.88,6.42,6.42,5.56
2012-06-16,6.3633040489232,1010.13937541,6.41,6.41,6.52,6.12
2012-06-17,6.31789503330283,424.19045736,6.41,6.19,6.47,6.13
2012-06-18,6.14466423758974,2483.09865301,6.13,6.06,6.34,5.98
2012-06-19,6.41240931387973,1389.04883704,6.14,6.46,6.49,6.13
2012-06-20,6.53533609978031,2075.98456732,6.4,6.64,6.65,6.26
2012-06-21,6.65806795099238,480.84201914,6.66,6.64,6.69,6.64
2012-06-22,6.61068536075564,963.16079856,6.64,6.59,6.67,6.48
2012-06-23,6.44534835017471,1137.14132849,6.6,6.45,6.61,6.33
2012-06-24,6.39447611660757,599.17294991,6.35,6.4,6.45,6.35
2012-06-25,6.24617931074995,1956.72821549,6.35,6.26,6.35,6.11
2012-06-26,6.33289448260522,2273.09860085,6.26,6.41,6.46,6.17
2012-06-27,6.53904879502998,11231.77828715,6.41,6.49,6.68,6.34
2012-06-28,6.27562939529727,4266.15056833,6.49,6.5,6.54,5.99
2012-06-29,6.51000624542344,8127.55500191,6.5,6.52,6.63,6.49
2012-06-30,6.52544974271937,828.05206012,6.58,6.61,6.61,6.5
2012-07-01,6.55178202107021,332.44372303,6.6,6.52,6.62,6.52
2012-07-02,6.58922415392391,1792.23613156,6.55,6.61,6.64,6.52
2012-07-03,6.57010451123783,1936.3905711,6.61,6.44,6.66,6.4
2012-07-04,6.47497298959277,2014.68873242,6.44,6.44,6.55,6.36
2012-07-05,6.60417808648355,1406.97193178,6.52,6.6,6.66,6.52
2012-07-06,6.52187383803418,1662.61510481,6.59,6.59,6.6,6.39
2012-07-07,6.66545307269829,1408.4798228,6.6,6.79,6.79,6.56
2012-07-08,6.60374863961256,830.37090436,6.8,6.73,6.8,6.45
2012-07-09,6.7943320590795,1751.75552753,6.77,6.94,6.99,6.55
2012-07-10,7.02567565137963,1495.1442887,6.95,7.08,7.13,6.95
2012-07-11,7.11201155346428,751.66207543,7.09,7.14,7.15,7.04
2012-07-12,7.18307166338709,2325.83757492,7.15,7.58,7.59,7.1
2012-07-13,7.59130889687962,1204.54573744,7.6,7.59,7.69,7.46
2012-07-14,7.53932386935011,717.31461971,7.58,7.55,7.58,7.44
2012-07-15,7.5019340144634,322.39208253,7.55,7.57,7.57,7.4
2012-07-16,7.63920785557766,3680.08259313,7.57,8.3,8.3,7.14
2012-07-17,8.20320787026049,3658.89689036,8.3,8.53,8.8,7.7
2012-07-18,8.72959501984588,2613.84283038,8.5,9,9.15,8.36
2012-07-19,9.05962775630375,2512.84139938,9.06,8.76,9.2,8.76
2012-07-20,8.18513815276676,1378.66512931,8.76,8.44,8.76,7.93
2012-07-21,8.63355171524303,2380.64465914,8.52,8.74,8.91,8.2
2012-07-22,8.57267161302705,1483.54734476,8.74,8.42,8.8,8.3
2012-07-23,8.59499477382862,2585.86162064,8.42,8.59,8.88,8.1
2012-07-24,8.58287386529174,1298.89850451,8.59,8.61,8.8,8.25
2012-07-25,8.51094768349262,1795.45977381,8.59,8.64,8.64,8.24
2012-07-26,8.62482336207131,837.67858918,8.64,8.75,8.83,8.45
2012-07-27,8.86464724429549,687.49671529,8.76,8.83,8.91,8.76
2012-07-28,8.90479281083197,1498.92603223,8.83,8.88,9,8.78
2012-07-29,8.7313322413028,590.37066164,8.79,8.71,8.79,8.7
2012-07-30,8.69707708046451,2423.61350598,8.7,9,9,8.54
2012-07-31,9.16735124132127,1324.42575089,9,9.28,9.28,8.92
2012-08-01,9.32753120486144,2419.60607326,9.28,9.45,9.5,8.9
2012-08-02,9.57736286180137,2209.70926083,9.45,10.44,10.52,9.4
2012-08-03,10.7800070424954,2419.4134313,10.4,10.79,12,10.1
2012-08-04,10.7487050682764,635.36838136,10.96,10.55,11.2,10.5
2012-08-05,10.4545508088644,1906.7619071,10.93,10.71,10.93,10.29
2012-08-06,10.7371531318336,2070.07812125,10.71,10.84,10.99,10.43
2012-08-07,10.7659321356699,1039.03555,10.86,10.75,10.87,10.72
2012-08-08,10.8952715682713,2746.09461909,10.75,10.99,11.04,10.7
2012-08-09,11.2098204208901,2432.99473283,11,11,12.49,10.79
2012-08-10,11.0967392409532,2554.43905578,11,11.32,11.5,10.9
2012-08-11,11.3150631368065,358.81692698,11.32,11.38,11.4,11.25
2012-08-12,11.4659768246661,838.43263007,11.4,11.49,11.69,11.34
2012-08-13,11.6295231093746,3499.58597117,11.41,11.89,11.98,11.4
2012-08-14,12.0496962316325,1925.97314893,11.9,12.25,12.3,11.81
2012-08-15,12.5065510731368,1592.26779358,12.13,13.01,13.2,12.13
2012-08-16,13.3036774457767,1529.32907411,13.14,13.42,13.5,12.75
2012-08-17,14.2476034722632,4868.27886465,13.49,12.5,16.41,11.5
2012-08-18,11.6262854789089,2511.36721759,12.64,11.54,12.99,11.11
2012-08-19,8.97747235160556,5427.25152631,11.86,8.06,11.86,7.1
2012-08-20,9.06318972249865,3382.49965273,8.09,10.05,10.33,7.86
2012-08-21,10.144702206469,3384.91944343,9.79,10.18,10.51,9.53
2012-08-22,10.2995893282874,8193.33129544,9.99,9.96,10.71,9.75
2012-08-23,9.99721323662414,2710.255412,9.96,10.02,10.19,9.78
2012-08-24,10.1157765928675,4170.89273973,10.03,10.37,10.51,9.83
2012-08-25,10.4018510300655,581.27122837,10.45,10.57,10.58,10.14
2012-08-26,10.4774874533513,1412.06354452,10.57,10.31,10.62,10.2
2012-08-27,11.1210192880886,4283.77447562,10.31,10.78,11.93,10.31
2012-08-28,10.9477780891968,2970.10121301,10.9,11,11.21,10.63
2012-08-29,10.7797137579457,4768.86011118,11,10.78,11.05,10.49
2012-08-30,10.7220535186761,1513.88396985,10.81,10.65,10.91,10.51
2012-08-31,10.2963915810469,2915.12925668,10.65,10.16,10.8,9.69
2012-09-01,9.96579961129904,665.20204584,10.2,9.91,10.2,9.85
2012-09-02,9.91565431510339,1340.45182161,10.07,10.18,10.18,9.49
2012-09-03,10.3263902290686,1166.65101376,10.17,10.55,10.55,9.95
2012-09-04,10.3226336287572,2649.65990947,10.36,10.36,10.5,10.14
2012-09-05,10.479860358827,1870.38903071,10.38,10.99,10.99,10.12
2012-09-06,10.8722278704238,3296.23211519,10.9,11.02,11.15,10.68
2012-09-07,11.0071460005585,1351.7701121,11.03,11.03,11.1,10.83
2012-09-08,10.8836002449265,1355.12940957,10.98,10.97,11.11,10.3
2012-09-09,10.9004084526841,1216.12471856,10.97,10.98,11.04,10.84
2012-09-10,10.9033508446259,2492.06090795,10.85,10.95,11.08,10.74
2012-09-11,10.7924392654185,4794.96358934,10.95,11.04,11.04,10.38
2012-09-12,11.0174830989688,2414.68753316,11.04,11.14,11.14,10.75
2012-09-13,11.2659579012523,2138.98077281,11.17,11.3,11.42,10.98
2012-09-14,11.3354499274267,2127.29435418,11.26,11.5,11.7,11.05
2012-09-15,11.5474178924069,594.79395476,11.6,11.63,11.65,11.35
2012-09-16,11.6658458517702,1287.40625221,11.63,11.75,11.8,11.53
2012-09-17,11.7362796594113,689.94090289,11.75,11.85,11.88,11.58
2012-09-18,11.8725066468926,3735.01772907,11.85,11.91,12.28,11.67
2012-09-19,12.3093871400032,1251.58348152,11.9,12.32,12.5,11.9
2012-09-20,12.4291648964112,767.93391028,12.44,12.28,12.66,12.28
2012-09-21,12.1706843273697,1990.3901719,12.29,12.19,12.35,12.01
2012-09-22,12.066135219038,818.04702569,12.14,11.97,12.25,11.97
2012-09-23,11.9022801917759,1084.46274346,12.11,11.99,12.11,11.79
2012-09-24,11.8620354129778,1523.1995401,11.99,11.9,11.99,11.69
2012-09-25,11.886503098032,3057.44986023,11.9,11.75,12.18,11.56
2012-09-26,12.0295919822117,3038.10509727,11.8,12.2,12.2,11.53
2012-09-27,12.1108732056912,3306.14546315,12.2,12.22,12.38,11.84
2012-09-28,12.0303063218641,2842.62287799,12.21,12.28,12.28,11.53
2012-09-29,12.2099633544469,584.15406141,12.28,12.28,12.28,12.12
2012-09-30,12.1906410355624,173.21424584,12.2,12.22,12.28,12.17
2012-10-01,12.0211888170592,3151.92775768,12.21,12.14,12.27,11.6
2012-10-02,12.4530595326279,4634.41770999,12.2,12.64,12.7,12.14
2012-10-03,12.78547070278,4948.45567245,12.63,12.9,12.99,12.45
2012-10-04,12.7028611293924,3211.88600053,12.9,12.57,12.9,12.51
2012-10-05,12.3361553541784,5459.56068828,12.61,12.5,12.7,11.5
2012-10-06,12.4181653973027,1640.41684963,12.51,12.39,12.6,12.06
2012-10-07,11.9939318344093,3262.84750727,12.39,11.71,12.45,11.52
2012-10-08,11.0757648504569,2885.95781205,11.7,11.62,11.99,10.42
2012-10-09,11.940697895602,1933.93908899,11.62,11.99,12.26,11.52
2012-10-10,11.9753078312659,2369.71836117,11.85,12.24,12.25,11.79
2012-10-11,11.8253988270812,2349.86047287,12.1,12.09,12.13,11.58
2012-10-12,11.9990838951748,735.71660723,11.95,11.9,12.1,11.81
2012-10-13,11.911144014575,486.61590663,11.9,11.85,12,11.81
2012-10-14,11.841743126855,336.21764746,11.85,11.79,11.9,11.79
2012-10-15,11.4817117275767,3425.95800654,11.78,11.66,11.84,11.03
2012-10-16,11.6081989682389,1004.49967705,11.8,11.92,11.94,11.17
2012-10-17,11.6912051906526,3020.89053734,11.79,11.88,11.97,11.15
2012-10-18,11.784031457394,1277.75425699,11.9,11.8,11.9,11.55
2012-10-19,11.7218031701257,10149.00152833,11.75,11.67,11.84,11.5
2012-10-20,11.6237310337513,704.85501096,11.65,11.6,11.7,11.53
2012-10-21,11.4516544300304,2048.2603274,11.6,11.32,11.68,11.29
2012-10-22,11.4820083908475,1913.11800635,11.54,11.49,11.57,11.27
2012-10-23,11.501261847011,2717.11005347,11.5,11.58,11.7,11.25
2012-10-24,11.3631476981754,3180.17696523,11.38,11.4,11.62,11.01
2012-10-25,11.0167143069905,3077.54063611,11.39,10.55,11.39,10.4
2012-10-26,10.3632592426472,2384.64651222,10.46,10,10.84,9.68
2012-10-27,9.98723048091123,1989.47751313,10,10.43,10.75,9.5
2012-10-28,10.5224927120086,972.31928641,10.35,10.54,10.75,10.3
2012-10-29,10.6175843468295,2655.79081055,10.67,10.8,10.8,10.32
2012-10-30,10.6641630169894,2780.31469798,10.8,10.8,10.81,10.43
2012-10-31,10.8424116065957,3057.67949806,10.79,11,11,10.66
2012-11-01,10.9162492288839,1726.98832092,11,10.77,11.05,10.63
2012-11-02,10.6824819607401,2477.44954182,10.85,10.67,10.96,10.45
2012-11-03,10.5454882295603,1572.81466123,10.54,10.66,10.69,10.41
2012-11-04,10.5086863582994,2010.40623271,10.67,10.64,10.68,10.4
2012-11-05,10.5988316223201,5531.26120642,10.63,10.78,10.8,10.5
2012-11-06,10.6448569493709,3348.91281134,10.78,10.74,10.8,10.51
2012-11-07,10.6841610840219,4027.9994833,10.68,10.8,10.84,10.45
2012-11-08,10.580926459256,2930.3994993,10.65,10.81,10.83,10.25
2012-11-09,10.767253857808,2342.58038373,10.69,10.8,10.84,10.61
2012-11-10,10.7786402808526,1074.44382044,10.8,10.81,10.87,10.63
2012-11-11,10.7281499876886,650.67843328,10.82,10.82,10.85,10.64
2012-11-12,10.8515345091729,1146.3177332,10.78,10.87,10.92,10.72
2012-11-13,10.9077128866328,2565.61377888,10.92,10.87,10.99,10.76
2012-11-14,10.9135703832406,1294.56300651,10.87,10.97,10.98,10.74
2012-11-15,10.974924158048,2452.65680751,10.98,11.05,11.05,10.81
2012-11-16,11.1706654627024,7094.45117038,11.05,11.46,11.6,10.96
2012-11-17,11.5351988748401,795.35041288,11.48,11.57,11.65,11.45
2012-11-18,11.4697241819976,1033.46070105,11.56,11.51,11.65,11.32
2012-11-19,11.3738163754287,4206.61783947,11.51,11.65,11.65,11.03
2012-11-20,11.5953450161077,2524.49574606,11.6,11.65,11.69,11.44
2012-11-21,11.5155835487209,3449.3800311,11.64,11.67,11.67,11.34
2012-11-22,11.8135866493977,10030.59751843,11.67,11.88,12.12,11.55
2012-11-23,12.0592980846677,2085.93949655,11.86,12.16,12.16,11.66
2012-11-24,12.1713966896419,1378.94883856,12.16,12.25,12.29,12.06
2012-11-25,12.2867365972496,1110.26121167,12.29,12.31,12.35,12.2
2012-11-26,12.2170232223124,4569.27484855,12.32,12.2,12.4,12.11
2012-11-27,11.98955695443,3692.25210948,12.2,12.07,12.23,11.75
2012-11-28,12.1586216663873,4332.17242762,12.01,12.22,12.74,11.93
2012-11-29,12.2783979872464,3553.57577684,12.22,12.37,12.41,12.1
2012-11-30,12.342143358634,3472.32663909,12.35,12.43,12.45,12.2
2012-12-01,12.4048489912577,2513.84899834,12.39,12.34,12.46,12.31
2012-12-02,12.3741171415791,1741.38980028,12.44,12.42,12.46,12.24
2012-12-03,12.4424025600522,5124.74579588,12.46,12.6,12.6,12.32
2012-12-04,12.713842786087,5524.27022114,12.5,12.59,13.01,12.42
2012-12-05,13.1233227383043,3202.16066697,12.86,13.2,13.43,12.63
2012-12-06,13.2840502711486,4479.8787206,13.2,13.45,13.59,13.02
2012-12-07,13.3333487244886,3494.46597785,13.34,13.37,13.48,13.11
2012-12-08,13.3323476489792,509.44467265,13.3,13.36,13.37,13.3
2012-12-09,13.1998747467593,1187.24480088,13.35,13.29,13.36,13.1
2012-12-10,13.2511933752282,6444.03315201,13.3,13.3,13.4,13.03
2012-12-11,13.3156042759767,2641.35197436,13.13,13.35,13.41,13.13
2012-12-12,13.3950579349259,3925.65665283,13.39,13.49,13.49,13.23
2012-12-13,13.3369190302773,5259.54363934,13.49,13.52,13.52,13.05
2012-12-14,13.6673093504676,5949.65698329,13.51,13.51,13.94,13.38
2012-12-15,13.3252973608879,1531.92100659,13.51,13.38,13.57,13.28
2012-12-16,13.3390242714995,1217.80887677,13.38,13.27,13.44,13.27
2012-12-17,13.0355782506386,5313.36578294,13.28,13.2,13.29,12.85
2012-12-18,13.0281808518632,5416.93282338,13.3,13.13,13.62,12.75
2012-12-19,13.2133376349983,4893.71657021,13.13,13.4,13.4,13
2012-12-20,13.3022548163838,1866.13166051,13.27,13.35,13.44,13.14
2012-12-21,13.2541122690654,2559.57635586,13.38,13.2,13.41,13.2
2012-12-22,13.2316188015204,870.39564745,13.28,13.2,13.37,13.11
2012-12-23,13.1331092710255,518.01209598,13.2,13.14,13.29,13.04
2012-12-24,13.096045423388,1511.90177224,13.11,13.23,13.24,13.01
2012-12-25,13.1522037585285,1136.04126972,13.23,13.24,13.25,13.09
2012-12-26,13.055954552183,2247.7983618,13.09,13.18,13.19,13.01
2012-12-27,13.0848089474314,3347.61148062,13.18,13.2,13.25,12.91
2012-12-28,13.1454275704675,4176.8818021,13.19,13.18,13.29,13.01
2012-12-29,13.2190543763006,274.78659657,13.18,13.22,13.28,13.11
2012-12-30,13.2344534390422,1020.89023268,13.13,13.2,13.29,13.1
2012-12-31,13.1682666743963,1641.78561179,13.2,13.24,13.29,13.05
2013-01-01,13.0077229833024,2116.92940862,13.24,13.22,13.24,12.77
2013-01-02,13.0994193563037,1840.84872373,13.12,13.09,13.19,12.98
2013-01-03,13.1314766629704,3320.9720537,13.09,13.19,13.26,12.96
2013-01-04,13.0967234039493,2700.25350741,13.12,13.19,13.24,12.84
2013-01-05,13.1334492228713,1463.53584867,13.19,13.15,13.19,13.03
2013-01-06,13.1040636804362,453.5630895,13.11,13.15,13.15,13.06
2013-01-07,13.1482951592926,3935.24845698,13.1,13.2,13.2,13.04
2013-01-08,13.3359577163785,6086.27515492,13.2,13.5,13.5,13.05
2013-01-09,13.4169206013107,4640.26739318,13.51,13.58,13.65,13.18
2013-01-10,13.79858699478,3719.44737915,13.67,14,14.19,13.5
2013-01-11,13.9751643491711,2405.62603846,14,14,14.1,13.85
2013-01-12,13.93682751767,2245.5631997,14.02,13.89,14.07,13.84
2013-01-13,13.7443864218161,1578.50971345,13.94,13.64,14.03,13.54
2013-01-14,13.9461438562216,4314.60459809,13.65,14.1,14.1,13.5
2013-01-15,14.1414488620125,4961.37905221,14.1,14.2,14.32,13.88
2013-01-16,14.4043526732908,5436.22875828,14.15,14.53,14.65,14.01
2013-01-17,14.9457454419533,5227.75642184,14.53,15.36,15.47,14.45
2013-01-18,15.4722583963343,6749.5256782,15.34,15.57,15.7,15.17
2013-01-19,15.400138480877,1993.54022684,15.52,15.38,15.65,15.32
2013-01-20,15.5193734533756,1427.76747178,15.48,15.5,15.69,15.38
2013-01-21,16.2979958096513,5634.62820353,15.62,16.52,16.98,15.45
2013-01-22,17.2184943604336,3827.75700027,16.53,17.35,17.6,16.45
2013-01-23,17.2819059085636,4853.15538002,17.5,17.5,17.6,16.86
2013-01-24,18.0921572558815,14880.17041128,17.5,17.29,19.2,16
2013-01-25,17.104691870963,5131.56268928,17.15,17.49,17.72,16.12
2013-01-26,17.0505450876996,2485.89670409,17.3,17.49,17.49,16.67
2013-01-27,17.4613140135212,2589.57418764,17.49,17.6,17.6,17.08
2013-01-28,18.0299600692682,5344.51893733,17.6,18.67,18.74,17.48
2013-01-29,19.1713945198818,4541.64000435,18.6,19.35,19.85,18.53
2013-01-30,19.1119450805311,2557.50773646,19.46,19.45,19.47,18.85
2013-01-31,20.0882571960168,5738.86115204,19.45,20.46,21,19.27
2013-02-01,20.5822832589145,3503.83130961,20.3,20.35,20.9,20.04
2013-02-02,19.6683949057777,4786.977974,20.35,19.82,20.53,19.5
2013-02-03,20.1764151843751,2479.42164405,19.76,20.29,20.59,19.57
2013-02-04,20.4306220019848,4506.95113427,20.55,20.3,20.7,19.9
2013-02-05,20.3951455531511,3193.30770398,20.3,20.5,20.69,20.08
2013-02-06,20.7892677752427,3424.26001089,20.56,20.91,20.99,20.33
2013-02-07,21.2619721355413,6307.57656257,20.91,21.71,21.96,20.9
2013-02-08,22.2938241045296,2801.66595389,21.95,22.45,22.63,21.81
2013-02-09,22.6955639490409,2134.0789741,22.4,23.14,23.5,22.24
2013-02-10,23.4186641350829,2194.81136293,23.47,23.7,23.8,22.85
2013-02-11,23.6266613528274,2978.34729807,23.74,23.94,23.94,23.16
2013-02-12,24.9513059212321,8534.23395403,23.94,25.47,25.85,23.87
2013-02-13,25.5591074511109,3983.63915336,25.33,25,25.97,25
2013-02-14,25.2903731100402,12042.50498387,25,27.4,27.5,22.42
2013-02-15,27.1582818416817,3145.14317345,27.4,27,27.56,26.72
2013-02-16,27.093480568505,2782.38948658,27.43,27.5,27.58,26.71
2013-02-17,26.2202766027979,7942.00011199,27.36,26.98,27.5,25.25
2013-02-18,26.6749427655832,3103.54193597,26.81,26.92,27,26.29
2013-02-19,28.2155390588497,9541.05177226,26.92,29.39,29.5,26.7
2013-02-20,29.6302975080227,3832.39322315,29.39,30,30.07,29.21
2013-02-21,29.9058237561239,3576.1120243,30,30,30.14,29.6
2013-02-22,30.5073668757441,6182.20227366,29.96,30.4,31.49,29.9
2013-02-23,28.9733952755786,3865.84825949,30.37,29.54,30.44,27.67
2013-02-24,29.7708433211191,1590.77752019,29.55,29.78,30.37,29.08
2013-02-25,30.236303701542,1564.84867774,29.79,30.43,30.49,29.78
2013-02-26,30.9380818816632,5071.90174369,30.43,31.1,32,29.85
2013-02-27,31.2043509136238,3168.54441515,30.97,31.32,31.77,30.45
2013-02-28,33.0992193228602,6726.87432506,31.31,33.53,34.42,31.31
2013-03-01,34.09986278914,3666.42582921,33.53,34.55,34.75,33.25
2013-03-02,34.1310310132107,2128.57214025,34.55,34.16,34.77,33.6
2013-03-03,34.1677451384889,1136.62608259,34.29,34.33,34.34,33.91
2013-03-04,35.3871610852698,6165.24472089,34.33,36.52,37,34.24
2013-03-05,39.3791237678343,6476.19220972,36.56,40.75,41,36.53
2013-03-06,46.385965172062,10298.43893055,40.66,42.33,49.17,40.66
2013-03-07,40.3588642074931,16259.06198022,42.31,41.68,46,33
2013-03-08,42.8146756125406,4388.75944645,41.68,43.76,44.37,40.56
2013-03-09,44.2990528544348,3829.2199598,43.77,46,46,42
2013-03-10,46.2887120924934,1252.09771351,45.76,45.29,47,45
2013-03-11,47.2538969065506,3400.7859461,45.97,48.25,48.38,45.6
2013-03-12,43.3055797104252,11195.69562451,48.15,44.84,48.25,36
2013-03-13,46.1987338612994,3290.23440492,44.29,46.99,47.09,44.2
2013-03-14,47.3891044486188,3527.68709124,46.99,46.95,47.97,46.8
2013-03-15,47.0992645282457,1063.76443798,46.95,46.9,47.29,46.9
2013-03-16,46.8075733620745,909.75563433,46.93,46.74,47,46.58
2013-03-17,46.9895527129185,1102.96029809,46.7,47.24,47.24,46.7
2013-03-18,48.1449073248421,5924.10302677,47.24,50.35,51.1,46.98
2013-03-19,55.2792402930799,9303.93790035,49.87,59.41,60,48
2013-03-20,61.9237907211663,8546.00680193,59.46,64.2,67.99,58.86
2013-03-21,70.6705457028116,9864.56711014,65.13,72.23,76.91,64.61
2013-03-22,70.6586505174607,5462.69655236,70.87,69.9,74.47,65
2013-03-23,61.0695926096587,13092.94728399,68.81,63.9,72,50.09
2013-03-24,68.7777281485458,3627.69480395,64.37,70.22,71,63.36
2013-03-25,73.2181837014862,8198.25231403,70.22,75.11,80,69.25
2013-03-26,79.5421426393216,6748.6811185,74.3,79.81,100,74.3
2013-03-27,86.9892658445937,6073.07958286,79.81,89.3,89.99,78.75
2013-03-28,90.1065302685196,9823.47335779,89.4,88.52,97,80
2013-03-29,89.8633278477678,6658.41693742,88.96,90,94,84
2013-03-30,92.8724369441917,1799.52075455,90.49,92.11,95,89.31
2013-03-31,94.1735488963345,2003.81769842,92.12,96.15,96.15,92.12
2013-04-01,99.6089394641539,6540.7052677,95.5,104.7,106.5,93.7
2013-04-02,109.208474995254,6441.03900269,103.73,116,116,100.1
2013-04-03,129.444437992835,15003.94850365,116,133.78,158.41,110
2013-04-04,132.487568008723,7265.27300112,133.87,135,150,119
2013-04-05,140.075504056476,7564.27772159,134.67,141.8,200,127.09
2013-04-06,141.669015017328,3504.27395363,141.8,141,150.03,138.5
2013-04-07,153.15927556536,6737.21244685,141,164.97,165.1,140.65
2013-04-08,182.072800633429,13411.06323591,164.97,185.6,198,162
2013-04-09,214.856467018536,11211.78878477,185.6,229,235.29,164.34
2013-04-10,174.620023276606,20889.47079028,228.94,162,259.34,70
2013-04-11,106.305918583141,37205.88492273,162,83.4,179,50
2013-04-12,75.9013600595206,29095.90818647,81.02,109.99,112,45
2013-04-13,101.515521167962,16830.84314245,109.9,91.64,119,85
2013-04-14,95.1077609331983,5777.57333124,90.44,91.11,99.99,81.94
2013-04-15,86.1154881127303,19578.12871598,91.79,74,99.8,60
2013-04-16,65.3974936350906,35706.58629386,73.99,68.09,82,49.8
2013-04-17,84.5162919375719,30854.42411947,67.85,89.98,101.12,60
2013-04-18,96.7675003236567,16527.45971668,89.98,109.3,111.23,78.92
2013-04-19,118.201121538304,25498.95204842,109.3,117.71,140.2,100
2013-04-20,122.745095681684,7474.81424834,118.11,126.55,129.79,114.27
2013-04-21,117.177073114692,17188.09077106,126.55,118.81,129,101
2013-04-22,120.888320759628,6675.54945823,118.91,123.74,125.01,116
2013-04-23,130.990492206763,13391.87055752,123.73,137.29,138.87,121.12
2013-04-24,147.50902266333,21232.85034477,137.3,149,161,134.98
2013-04-25,143.13629157297,16566.09169458,150,141.9,170.28,123.2
2013-04-26,134.160308687258,10688.92108773,141.9,137.3,142.53,126.68
2013-04-27,131.639805719536,6686.07508764,137.3,128.8,148.61,125.76
2013-04-28,133.759469673682,5136.5255006,128.8,135.28,148.18,121.57
2013-04-29,141.282188442105,10485.46213504,135.31,143.31,151.65,123.96
2013-04-30,139.101509116535,8465.29718136,143.32,139.88,144.99,133.89
2013-05-01,121.861258078181,21104.90212995,139.87,116.75,140.3,104.9
2013-05-02,107.584140967478,21725.133598,116.75,106.81,127.24,93.01
2013-05-03,91.3809139925348,26863.56444609,107.02,98.08,108,81.5
2013-05-04,105.624541761661,15910.12807666,98.08,112.62,115.64,94
2013-05-05,113.694399502247,9033.94177783,112.89,116.57,118.76,106.5
2013-05-06,117.044791733735,17251.55561438,116.9,112.71,123.97,105
2013-05-07,107.012504006248,14941.55263514,112.67,110,112.95,98.77
2013-05-08,113.01011284128,8261.64064249,110.92,113.16,116.29,109.41
2013-05-09,111.147005267809,6725.70842693,113.16,111.96,113.95,109
2013-05-10,115.480803305324,10480.13511879,111.96,117.9,119.98,109.2
2013-05-11,115.367246502778,4692.10496687,117.9,115.04,118.5,112.95
2013-05-12,114.938153637555,3366.70303467,115.58,114.5,117.86,113
2013-05-13,116.097675517262,3412.04123442,115.05,115.99,117.48,113.55
2013-05-14,112.979335308477,12120.00783896,115.98,107,117.9,103.5
2013-05-15,108.835763815414,10914.51829481,107,108.95,113,101.72
2013-05-16,110.981002548509,7515.76166257,108.96,113.35,113.35,108.35
2013-05-17,115.500762859263,9721.36089521,113.36,116.73,118.16,112.82
2013-05-18,117.491005873742,3906.23090184,117.51,118.49,118.55,115.99
2013-05-19,117.194578864806,4800.36143192,118.49,116.38,118.98,114.1
2013-05-20,117.413861419719,4541.30988594,117.27,116.6,118.94,114.03
2013-05-21,117.708024269728,3656.2547232,117.81,117.5,118.56,116.9
2013-05-22,118.437254368605,7275.60471178,117.25,119.11,119.48,117
2013-05-23,120.934741116611,10212.79546118,118.45,123.84,123.9,118.36
2013-05-24,126.362304195224,13193.58203434,123.84,128.7,129.94,122.52
2013-05-25,128.165318215991,5146.70519875,128.65,128.97,129.73,126.03
2013-05-26,129.554560149051,3916.06467515,128.98,129.5,130.29,127.97
2013-05-27,127.339014772257,7413.81180566,130.27,126.25,130.6,120.33
2013-05-28,125.584749879196,6072.75780468,126.2,125.92,127.11,123
2013-05-29,128.290660133116,9946.83923725,125.99,130.35,130.4,125.53
2013-05-30,128.873457532609,9432.35613171,130.01,126.81,131,124.9
2013-05-31,127.89161603505,5633.94849614,126.78,127.91,129.87,125.06
2013-06-01,128.140876613272,3406.48517336,127.76,128.77,128.86,127.09
2013-06-02,121.879108144253,15138.12901202,128.77,123,128.8,117.02
2013-06-03,120.283555818953,8850.29223011,123.35,123.15,125.01,117
2013-06-04,120.730716644292,7975.85871798,123.22,120.57,123.66,116.32
2013-06-05,120.816090455098,4733.02694896,120.58,121.2,122.74,119.65
2013-06-06,120.073932559549,4936.97817062,120.98,118.78,121.33,118.43
2013-06-07,112.970337728135,18261.47609584,118.78,110.18,119.16,107
2013-06-08,109.629214880794,5055.00711397,110.17,109.11,112.46,108.44
2013-06-09,97.5617937905199,30734.49888577,109.11,100.17,110,90
2013-06-10,101.961273404513,13536.55840755,100.17,104.22,107.9,93.1
2013-06-11,106.25948166022,5234.35334037,104.21,107.36,108,102.97
2013-06-12,108.206692192976,7612.62055255,107.35,106.11,111.18,105.01
2013-06-13,103.45667281081,8047.28050101,106.1,102,108.43,95
2013-06-14,99.6325437789148,10698.4120069,101.86,99.01,102.95,95
2013-06-15,100.114946832804,4243.40771805,99.01,99.42,105,96.22
2013-06-16,99.6825717477797,3089.73462791,99.42,99.37,101.11,98
2013-06-17,100.047257075661,4785.76602027,98.74,100,101.47,98.29
2013-06-18,104.871633093912,10874.74329689,100.39,104.5,108.18,99.99
2013-06-19,105.276540991283,5483.53573255,104.49,105.24,107.5,102
2013-06-20,105.851516231063,9088.52547567,105.24,102.61,108,102.47
2013-06-21,99.7953135861435,12331.66300099,103,101.8,104.86,90
2013-06-22,100.653129460722,3350.32557131,101.29,100,103,98.55
2013-06-23,100.012463005252,1977.39270619,100,100.41,101.45,98.5
2013-06-24,98.4707723280399,9702.68839049,100.4,99.25,102.3,95
2013-06-25,99.4286580657088,5294.05179614,98.83,97.87,101,97.47
2013-06-26,98.3480316434185,4940.40777894,97.57,98.77,99.98,96.13
2013-06-27,97.6563540234438,4937.41675442,98.75,96.32,98.76,96
2013-06-28,91.8044201378692,18557.52900345,96.98,89.96,97.45,88.01
2013-06-29,89.4285464141006,4373.62440255,89.2,88.98,91.61,86.2
2013-06-30,89.2046464354652,2390.67441288,88.83,89.53,90.3,88.01
2013-07-01,85.5466610066783,20854.46869197,89.4,84.5,90.16,80.94
2013-07-02,86.1698599861234,12666.39148742,83.41,88.01,88.5,81.9
2013-07-03,82.4544915074503,20740.88552523,88.04,77.01,89.56,75.11
2013-07-04,77.0409283809625,21957.43214384,77.33,79.4,83.9,70.06
2013-07-05,70.5082443332908,32935.36592906,79.4,66.93,79.4,63.26
2013-07-06,67.2106568092777,17245.95828177,67.13,66.34,72.88,63
2013-07-07,68.5256167014506,6858.52231849,66.34,73.96,73.96,64.5
2013-07-08,74.149471125449,18669.57799992,73.97,74.4,76.94,70.1
2013-07-09,73.5020555479299,15908.99990621,74,75.01,76.01,70.25
2013-07-10,79.9004658714941,27275.18412986,75,86.19,86.64,74.81
2013-07-11,86.2388991973717,17311.05698299,86.13,87.13,89.96,83.85
2013-07-12,93.2495158244989,32060.82985282,87.81,90.17,100,86.6
2013-07-13,89.6057298577856,6004.55580528,90.19,91.67,92.04,87.15
2013-07-14,91.8258670231921,5202.94162176,91.67,90.03,93,88.87
2013-07-15,93.186474926513,13030.66102004,90.02,93.78,95,88.11
2013-07-16,92.1836099427261,9285.47354955,93.76,91.58,93.9,89.09
2013-07-17,90.8865094758435,7404.86645917,91.61,90.97,92.37,89
2013-07-18,82.4785150674233,21446.66606845,90.96,85.28,91,77
2013-07-19,85.0124394316715,8689.960752,85,86.51,88,83.21
2013-07-20,86.1017604146903,4451.4748679,86.51,85.04,87.07,84.27
2013-07-21,85.4170885156639,2907.86221135,85.02,85.89,86.99,84.25
2013-07-22,86.099863595342,8294.01816821,85.73,85.6,87.08,83
2013-07-23,85.6865102458722,13038.50130799,85.59,86.88,88.88,82
2013-07-24,87.4321803318106,9276.4211009,86.88,88.42,88.48,85.73
2013-07-25,89.3725017613813,10416.8800968,88.42,90.08,90.66,87.08
2013-07-26,90.3313221062847,6500.58440396,90.09,89.96,91.77,88.56
2013-07-27,88.7599515130782,3489.15396964,89.97,88.16,90.16,87.8
2013-07-28,91.4400155416108,7294.35296151,88.16,92.71,94.01,87.9
2013-07-29,92.6986759208216,10250.84060044,92.79,93.39,93.5,90.54
2013-07-30,94.4532119627285,11695.36756812,93.45,96.57,97,92.7
2013-07-31,98.5798852760767,17025.38437411,96.98,98.28,101,95
2013-08-01,97.1292743498507,7832.16050467,97.77,96.62,98.44,95.15
2013-08-02,96.553803152787,15553.07296963,96.64,95.85,98.71,93.03
2013-08-03,95.6825308565973,4499.94672997,95.82,95.55,97,93.98
2013-08-04,96.2228835131033,3019.67129901,95.54,96.38,96.61,95.5
2013-08-05,97.5850898775543,11003.41353294,96.38,97.81,98.92,96
2013-08-06,98.2403206937567,9248.61209517,97.88,97.69,98.98,97.07
2013-08-07,97.2546686655571,7127.85555164,97.7,97.09,98.32,95.5
2013-08-08,94.5482629709508,14017.03265768,97.09,94.27,97.14,91.11
2013-08-09,92.8872331161403,12311.24302657,94.26,92.27,95.75,90
2013-08-10,93.2105456284822,3115.45505946,92.76,93.51,94.25,92.14
2013-08-11,93.8140222405636,1863.55256347,93.51,94.09,94.58,93.12
2013-08-12,94.322614622781,7203.7336517,94,95.38,96.18,93.31
2013-08-13,96.4964147992319,12840.28503739,95.37,98.15,98.19,94.24
2013-08-14,99.117052733502,17997.71861974,97.74,99.19,101,97.03
2013-08-15,98.6050310035489,9533.32415037,99.19,98.08,100.01,96.68
2013-08-16,97.9332618944145,9306.11308233,98.08,98.25,99,96.5
2013-08-17,98.8175828445282,5533.56584068,98.26,99.71,99.82,97.48
2013-08-18,99.111523185797,2757.60749158,99.71,99.3,99.99,98.41
2013-08-19,102.129275177076,20223.50852434,99.32,102.85,105.16,99
2013-08-20,103.658461691413,11512.55473348,102.85,104.87,104.88,100.38
2013-08-21,108.130986992322,23925.71807899,104.87,110.43,114,104.56
2013-08-22,111.317999217912,12231.93171666,111.52,109.12,113.02,107.98
2013-08-23,107.81482587452,9469.67629666,109.12,107.65,109.9,104.2
2013-08-24,108.52429341284,4332.68697991,107.91,109.15,110.33,106.64
2013-08-25,111.548353424134,9343.16273408,109.15,113.12,113.28,109.15
2013-08-26,112.107654828126,10842.80342417,113.28,111.88,113.3,110.27
2013-08-27,116.827848910728,18924.73961221,111.85,117.75,118.93,111.76
2013-08-28,118.491727731508,10195.73119445,117.74,117.91,119.63,117.04
2013-08-29,118.654390872916,9789.33885357,117.91,118.52,120,117
2013-08-30,122.79837938262,17374.35799114,118.91,124.86,126.14,118.04
2013-08-31,129.216287475478,19981.34364226,124.86,128,134.95,124.8
2013-09-01,130.084655413399,8021.56323583,127.9,130.66,132.09,126.79
2013-09-02,130.570895781195,8939.39980324,130.65,130.15,132,128.52
2013-09-03,129.43537494972,11994.57661966,129.4,129.18,131,127
2013-09-04,124.344991868858,18821.05012844,129.2,122.2,129.94,115.21
2013-09-05,121.964313795231,19236.83229587,121.65,122.5,127.5,116.07
2013-09-06,120.425598373765,19391.20825469,122,117.67,124.54,115.21
2013-09-07,118.798700630256,9676.9974976,116.55,119.93,122.16,115.5
2013-09-08,118.425813119341,5458.68589096,119.91,118.34,120.94,116
2013-09-09,119.449318281601,21345.72633658,118.38,121.68,124.13,115
2013-09-10,122.802264354543,11319.88974811,121.68,122.07,124.26,120.8
2013-09-11,122.87829566372,18550.2138604,122.08,127.55,127.72,118
2013-09-12,126.908949688801,13856.21063312,127.54,126.38,128.5,123.1
2013-09-13,127.62300959744,9309.9491962,126.38,127.71,128.79,125.05
2013-09-14,125.302859458879,8711.86383564,127.71,124.49,128,123.05
2013-09-15,124.617007149004,5360.8824298,124.49,125.36,126.25,123
2013-09-16,125.832624391491,7602.34785199,125.36,126.27,126.71,124.03
2013-09-17,126.799660832018,8852.61357182,126.34,126.92,127.69,125.47
2013-09-18,127.263876927423,13495.71105357,126.92,127,128,124.2
2013-09-19,125.474052939828,10236.24813846,127,124.18,127.95,123.02
2013-09-20,123.819321783052,10505.08009305,124.17,122.91,126.02,121.16
2013-09-21,123.159971014572,4154.19202354,122.91,123.39,124.1,121.7
2013-09-22,122.977465683613,2882.09130233,123.38,123.24,123.5,122.35
2013-09-23,123.061429057295,7736.9339578,123.27,122.63,123.99,121.54
2013-09-24,122.905015292931,10183.16714023,122.82,123.86,124.01,121.77
2013-09-25,124.301161586241,8053.18440092,123.75,123.25,125,123.23
2013-09-26,124.172700105961,7784.84320927,123.33,124.84,124.9,123
2013-09-27,125.85487006989,12117.32341602,124.85,126.95,126.96,124.35
2013-09-28,126.245117268147,6320.25836432,126.95,126.54,127,124.01
2013-09-29,127.422647208241,6745.39450444,126.5,127.01,128.8,126.08
2013-09-30,125.97367332216,11530.52471883,127,126.25,127.53,122.77
2013-10-01,127.186255564405,7513.8349608,126.25,127.33,127.93,125.54
2013-10-02,109.647971484555,60639.38898698,127.31,103.85,127.8,85
2013-10-03,110.300503113291,26112.7638711,103.85,117.6,118.79,102
2013-10-04,120.657675117772,13194.57595434,117.62,121.94,122.98,116.48
2013-10-05,121.485440633971,2942.63601131,121.94,121.2,122.29,121.11
2013-10-06,121.924703714415,3926.3413189,121.25,122.49,122.49,121.13
2013-10-07,122.929143781689,11885.13460018,122.49,123.5,124.49,120.11
2013-10-08,123.895182209569,13183.37384894,123.5,124.13,125.17,122.17
2013-10-09,125.273291416047,18933.76126312,124.5,125.9,127.99,122.3
2013-10-10,125.886439881446,11382.14626947,125.79,126.8,126.8,124.9
2013-10-11,126.729195698138,7866.70490823,126.8,127.38,127.42,125.93
2013-10-12,127.399822238447,7571.27286324,127.38,127.96,128,126.01
2013-10-13,130.050268329145,12574.14780981,127.58,132.82,133,127.57
2013-10-14,135.271216256777,21256.28057191,132.85,135.42,138.22,132
2013-10-15,138.900312087177,22232.07911256,135.43,142.76,147.39,134.09
2013-10-16,142.611558658342,26332.89631674,142.75,137.56,147,137.38
2013-10-17,141.809864691431,16767.05247967,137.54,143.94,145,135
2013-10-18,148.307399702472,23007.23097591,143.94,152.89,154.69,143.23
2013-10-19,163.264179571069,37966.98264041,152.89,166,172,152.44
2013-10-20,165.18347808948,5667.34588161,166,166.59,166.6,162.54
2013-10-21,175.723585271336,33107.72111019,166.6,180.13,181.93,166.05
2013-10-22,189.143235332262,41865.06715467,180.15,189.75,196.27,179
2013-10-23,196.247683391737,24326.01475489,189.75,203.96,203.96,185
2013-10-24,185.910923633052,55593.92700629,203.94,193.87,206.6,156.2
2013-10-25,179.40128981195,32779.54290704,194,186.6,194,167.67
2013-10-26,182.176700555031,9644.32071899,187.5,179.56,190,177
2013-10-27,188.760372030641,10095.56583408,180.39,194,195,179.5
2013-10-28,194.846663496821,12248.66455971,194.99,196.62,197.5,190.8
2013-10-29,200.17159987042,16744.50649074,196.62,204.69,205,195.32
2013-10-30,201.048765884514,25494.14807001,204,197.54,206,195
2013-10-31,200.401438861063,13741.49074655,197.58,203.54,203.75,195.1
2013-11-01,202.607413129478,4962.80900171,203.54,202.15,203.54,200.23
2013-11-02,204.216960860415,6600.0982594,202.14,204.86,205.15,201.2
2013-11-03,206.494978892109,11227.96295973,204.86,210,210,203.51
2013-11-04,220.478193929698,28261.78814843,210,226.95,230.4,207.22
2013-11-05,238.371071483854,42583.7008287,227.29,242.9,250.79,226
2013-11-06,255.409146288099,40026.70686769,242.9,263.24,265,241.11
2013-11-07,283.318673354021,49703.85180124,263.24,291,297.8,263.24
2013-11-08,317.942483991602,40186.15864335,291,334,334.45,288.81
2013-11-09,338.713990871178,44361.21177945,333.9,341.24,363.65,298.95
2013-11-10,299.680435524373,67237.40748143,341.24,323,341.24,265.01
2013-11-11,334.609682183428,26943.37824394,323,343.91,349.9,310.1
2013-11-12,350.493506446227,19748.2815018,343.63,354.95,357,340.01
2013-11-13,378.908155498205,38689.80193194,354.94,393.5,399.89,354.94
2013-11-14,409.77219477723,31638.4774428,393.5,416.95,421.97,381
2013-11-15,417.634102654527,32323.20623812,416.88,412,431.36,390
2013-11-16,433.344339249555,17983.46003914,412.07,434.53,447.47,406.92
2013-11-17,462.579262326005,25991.59517426,434.53,477.38,480,434.53
2013-11-18,549.696359123673,57089.07895381,478.1,669.01,669.55,471.23
2013-11-19,597.828604403763,71560.94596711,669,536.01,755,378
2013-11-20,542.030752430738,57711.50722124,536.01,599.99,619,440
2013-11-21,666.170216480746,30720.73129411,600,720,730,580.37
2013-11-22,743.645790599677,25125.12846391,720,795,799.8,683.2
2013-11-23,832.852116545433,20338.86461312,794,829.15,874.81,785
2013-11-24,795.075077317021,20130.68748874,829.15,800.05,842.78,747
2013-11-25,807.795343922937,23042.05232527,800.01,816.93,838.2,770.1
2013-11-26,849.317288262078,29793.02508816,811.95,916.3,919,801
2013-11-27,937.090064997749,30325.52974397,915.01,963.98,969,879.99
2013-11-28,998.564900131659,36898.59364552,963.98,1012.98,1050.18,931
2013-11-29,1065.35903463409,21873.31334686,1012,1131.99,1141,988.22
2013-11-30,1132.28510612349,12907.55909135,1131.99,1119.52,1163,1080
2013-12-01,945.671472862084,61544.38082098,1119.52,955,1123.11,795.6
2013-12-02,1000.49403932844,31516.72530827,955,1047,1057,925.16
2013-12-03,1050.56970623764,12567.59167863,1037.11,1055,1088,1000
2013-12-04,1111.56251758778,14433.50978208,1055,1132.01,1153.27,1052.1
2013-12-05,975.059493303359,55262.65698958,1135,1023.87,1138.58,848.42
2013-12-06,894.358746108214,52688.66174422,1020.51,814.91,1033.13,796.73
2013-12-07,706.826974296966,79852.423783,808.75,693.3,844,542.38
2013-12-08,732.68837427792,27465.08270962,693.3,787,797,651
2013-12-09,867.489066791801,28510.03873043,787,899.9,899.99,766.66
2013-12-10,941.557343864699,22694.67993333,899.91,979.23,989.6,895.01
2013-12-11,890.424791186707,31708.38203134,979.07,879.04,988,804
2013-12-12,862.850915563607,13973.52413434,879.04,871.22,898.9,832.01
2013-12-13,882.991371519865,14766.95107866,871.22,885.98,920.42,850
2013-12-14,860.406731032619,7426.55203462,888.47,850.78,895,841.01
2013-12-15,838.374832825198,11638.00040701,850.78,862,869.98,803.51
2013-12-16,730.622774541333,58806.70410398,861.98,691,864,651.34
2013-12-17,679.919052248236,43034.02835938,690.5,673.62,750,612.51
2013-12-18,527.764550983979,137070.17833806,675,519.86,680.7,382.21
2013-12-19,622.341428267757,56734.10927258,520,685,700,492.91
2013-12-20,652.350412820714,40959.74061978,685.1,610,719.97,570
2013-12-21,600.111467728556,19218.17096328,610,595.03,648.88,550
2013-12-22,635.354313023718,17673.2339864,595.04,612.66,690,575.61
2013-12-23,636.728526771004,13100.16416543,612.66,654.76,665,607.77
2013-12-24,648.443881836783,12795.80403043,654.76,652.99,668.8,628.11
2013-12-25,660.897688019358,6653.00965075,653.57,679.03,681.24,636.99
2013-12-26,723.63208157415,28028.63835784,679.01,747,764.32,677.57
2013-12-27,727.25113399018,16261.66282726,747.83,721.08,762.1,702.26
2013-12-28,717.508717793671,13385.19085317,723.98,715,736.01,682.22
2013-12-29,717.443945303677,8121.30581786,715,728,732,703.45
2013-12-30,734.130860850683,6600.2391558,728.01,736.51,740,722.81
2013-12-31,727.793610313953,7919.32033024,736.51,732,739,709
2014-01-01,745.454163344744,7907.63786208,732,754.22,757.99,729.01
2014-01-02,768.66887974443,15134.16900738,751.88,784.19,798.7,742.5
2014-01-03,798.565467918415,14860.26282816,784.19,809.4,818.99,767.62
2014-01-04,814.067283450354,10990.14294762,808.24,828.79,830,790.2
2014-01-05,881.824647335309,24075.9495964,828.79,905,948,826.07
2014-01-06,936.624922197622,25886.90639128,905,919.24,995,876
2014-01-07,857.963796089752,34063.52120798,915.8,786.33,943,785
2014-01-08,809.643825889011,26315.75852948,785,823.45,849.79,765
2014-01-09,815.285611901058,25302.2442016,823.94,824.76,848,779.78
2014-01-10,829.435701033798,12846.16052006,825.5,852.61,861.4,799.41
2014-01-11,882.995854098947,16130.91651296,851.63,896.34,909.96,849.51
2014-01-12,858.240756688537,12189.17547898,895,844.05,905,826.46
2014-01-13,814.714086294093,19366.39159317,844.04,823,844.05,783.11
2014-01-14,820.997321180959,9729.54391417,823.99,815.99,837,800
2014-01-15,837.659212250771,12267.77449637,815.99,841.14,850.26,805.18
2014-01-16,828.176925933152,8215.45166349,841.14,814.4,849,810.01
2014-01-17,795.306899469449,17114.93953749,814.4,797.2,821,765
2014-01-18,808.11862184366,5486.84152085,797.2,810,817.12,796
2014-01-19,821.406103952737,8418.00804502,811.22,842,842.07,791.01
2014-01-20,831.000185460395,6968.15670477,841.5,826.02,845,815
2014-01-21,821.574658089405,7669.59937021,827.46,824.89,834.5,814
2014-01-22,814.237936679999,8309.09407494,824.88,819.2,824.99,801
2014-01-23,811.397831200647,7395.00949206,819.2,812,823.28,801.1
2014-01-24,786.699507882658,15775.20253781,810.95,780,811.74,767.02
2014-01-25,796.791785174699,8705.5640134,780,806.8,817,773.4
2014-01-26,819.287251915386,9704.13726187,806.81,814.75,834,795.01
2014-01-27,776.441091074875,25194.23662664,814.67,751.95,823,725
2014-01-28,781.555084415852,20042.81613687,750.95,788,812.93,740.01
2014-01-29,794.64692032909,7044.52156243,785.51,794.21,804.95,781.99
2014-01-30,794.777214746045,13125.54815594,794.22,799.99,812.44,770.7
2014-01-31,801.743969459633,7728.16005641,799.99,803,809.98,791
2014-02-01,815.290769879426,8296.06416747,803,813.23,827.38,802.59
2014-02-02,818.215505164815,4075.68246141,813.23,814.99,825.21,810.23
2014-02-03,808.552277302391,4931.83355028,814.94,808.5,815,800.5
2014-02-04,803.252147054346,7592.00316474,806.99,802.99,812.98,796.83
2014-02-05,796.175254276263,8479.50233561,802.72,782.33,810,775
2014-02-06,774.91867921096,20652.60674868,780.01,763.75,803,752
2014-02-07,702.592247543688,66362.25784175,764,705.01,766.45,619
2014-02-08,693.135619963319,13501.11536102,705.01,680.49,723,662.01
2014-02-09,700.463081033318,15061.93270719,680.49,687.37,755.42,666.21
2014-02-10,638.644861864921,71860.53695222,688,687.81,713,530
2014-02-11,673.348668052094,40062.43735234,688.34,675.1,720,631
2014-02-12,659.150766742572,15511.78725823,677,651.99,685.19,631.58
2014-02-13,631.767695843488,28145.8136164,650.04,604.12,660,601.54
2014-02-14,623.491902873892,68378.14539627,609.4,669,712.9,538.01
2014-02-15,650.326170739393,20762.64009438,670.34,655.83,673.17,628.88
2014-02-16,625.447283792982,26397.57091925,655.83,621,670,590.01
2014-02-17,637.167060044187,19902.4393218,621,633.19,664.99,610
2014-02-18,627.285147799463,14833.93993495,633.67,627.7,650,609.99
2014-02-19,626.899409450348,11128.47837448,627.7,623.01,636,617
2014-02-20,591.365299085994,34966.69850131,623.01,561.86,631,560.9
2014-02-21,562.786781463021,29612.93711462,561.86,581.35,589,530.01
2014-02-22,593.486161396643,18076.09102116,583.99,610.88,619.88,562.15
2014-02-23,619.689487982032,20868.15490482,610.77,610.09,646,599.78
2014-02-24,565.209020989776,51840.81217712,609.26,535.49,629,514.02
2014-02-25,480.658868034041,115761.98662156,535.49,535,545.8,400
2014-02-26,576.372390208782,49110.90216434,534.34,585.24,610,530
2014-02-27,586.717605586636,17048.07050459,585.24,583,599.99,571.22
2014-02-28,564.397233249905,22634.32498739,584.7,551.89,591.39,541
2014-03-01,556.791950597187,14303.9416427,551.8,567.47,576,535
2014-03-02,562.398510277343,6437.39852141,567.46,566.24,570.99,553
2014-03-03,632.091350792688,64914.82037014,565.36,677.69,710,562.02
2014-03-04,680.791983842665,28031.31700336,677.69,673,702.24,633.64
2014-03-05,665.167491610514,12719.614182,673.27,669.99,679.97,651.9
2014-03-06,663.121391846143,10404.69739337,669,669.57,675.71,650
2014-03-07,635.636611318235,21449.42620587,669.57,632.79,670,613.45
2014-03-08,617.995001370261,9699.02131269,632.79,620,639.79,604.5
2014-03-09,637.38197392972,9121.47474745,620.02,639.25,653,613.03
2014-03-10,627.638237785432,13350.32162609,638.4,629.39,646.59,609
2014-03-11,627.702055779011,9166.62008516,628.02,632.1,644.44,614.17
2014-03-12,640.989615801491,12741.36127291,631.72,634.95,656.95,628.8
2014-03-13,643.839373882042,6728.15269572,635,641.01,650,632
2014-03-14,634.098203174765,8676.83483514,641.02,630.42,645,625.29
2014-03-15,633.238478431127,2202.21801447,631,637.24,639.88,625.32
2014-03-16,633.436182296331,3296.50753371,637.58,634.99,639.39,629.02
2014-03-17,624.556115947909,9165.08796086,634.99,622.3,634.99,619.46
2014-03-18,610.493960855017,14907.79764662,622.97,612.26,624.17,591.13
2014-03-19,613.124321827825,7079.91716071,613.84,611.19,623.95,605.11
2014-03-20,593.299244132016,10906.66527996,610.01,587.98,611.3,578.66
2014-03-21,579.21432101642,22418.17284294,585.6,570,607.88,556
2014-03-22,557.161762023471,13614.29823426,569.99,565.31,571.99,541
2014-03-23,563.417011950772,6098.75124042,564.31,561,569.48,556.74
2014-03-24,570.128319152021,13674.05994214,558.22,585.99,592.6,547
2014-03-25,577.397061137476,8107.38220171,585.9,583.77,587.48,568.86
2014-03-26,580.605366052724,10310.36256376,583.77,581.49,592,565
2014-03-27,524.947566622666,49205.95632382,581.48,475,581.59,466.1
2014-03-28,502.239578605367,34960.0555779,475,502.01,532,468.3
2014-03-29,498.308428688937,7446.55826452,502.01,491.99,508,486.97
2014-03-30,459.754901771167,31437.04543486,491.99,460,492,436
2014-03-31,455.011629916512,20986.65095993,460,454.83,486.7,438
2014-04-01,479.96426195907,22904.80786015,454.81,478.98,509.98,452.04
2014-04-02,456.88694905521,34478.66605231,478.98,439,494.98,430
2014-04-03,437.951610195209,26944.97730513,438.9,451,465,416.11
2014-04-04,444.525013128001,15699.31017002,451.03,452.2,459.5,430.77
2014-04-05,452.715178733912,6467.31793588,450,464.8,464.8,441.25
2014-04-06,456.626291465222,5283.84837762,464.8,456.34,465,450.2
2014-04-07,453.190650561367,7419.24793683,460.66,447.11,464.19,446
2014-04-08,452.847318905298,5844.4224734,447.11,453.57,459.8,446.24
2014-04-09,446.461701915945,8006.6040704,453.57,441.69,457.3,438.08
2014-04-10,398.926199686858,49713.84445346,441.69,363.12,442.46,357.57
2014-04-11,392.229105204374,42124.74577436,363.1,423,432.22,339.79
2014-04-12,427.603381193075,10809.0520644,423,423.42,439.5,413.72
2014-04-13,410.358227106714,11017.88490469,424.91,416.3,427.75,397.16
2014-04-14,449.656705028671,33640.67485637,416.29,458.5,475,408
2014-04-15,495.802338000482,32622.07731475,460,521.01,528.75,453.16
2014-04-16,520.260215929187,30710.47011727,523.1,529.97,548,494.02
2014-04-17,502.076846779594,20052.70199809,529.26,500.09,533.8,481.63
2014-04-18,484.0667127594,11142.839766,500.27,482.49,506.97,470
2014-04-19,492.906992304266,10268.73294781,482.1,503.8,507.43,472.81
2014-04-20,504.526173228037,5798.58019722,505.18,500,516.53,493
2014-04-21,501.5026059211,8377.05680943,501.07,496.74,515,490
2014-04-22,494.077761218177,8521.46548043,497.98,490,504.9,485.2
2014-04-23,489.533275768404,5696.00906268,490,492,495.2,484.61
2014-04-24,490.328083145495,7952.77348869,491.99,502.2,505,480
2014-04-25,462.641367809764,33416.96300818,502.15,466.52,503.99,438.05
2014-04-26,459.450450250696,8812.12009945,466.71,459.73,470.96,451.07
2014-04-27,446.143333976019,9312.34600754,459.22,430,461.97,429.95
2014-04-28,438.356780186326,18282.9859723,430,442.89,452.16,424
2014-04-29,443.772376929732,13844.63506405,440.41,448,454.47,432.02
2014-04-30,444.508850367375,10757.36482184,448,449.22,453.99,433.08
2014-05-01,458.554960423686,9556.03788617,449,460.97,465.88,447.97
2014-05-02,451.162018260457,8269.89141728,460.97,454.5,462.99,444.51
2014-05-03,440.157544015429,7431.62647961,452,439,454.5,431
2014-05-04,435.606482875554,5154.40779439,439,438.04,442.83,429.55
2014-05-05,433.294967618298,8188.08279477,435.88,433,445,425
2014-05-06,427.713734425086,8041.19841525,431.64,428.01,434,420.27
2014-05-07,441.014382988698,13248.34902294,429,440,452,425.67
2014-05-08,443.807472141174,6326.64918367,441.47,437.69,450.08,437.61
2014-05-09,449.340912402849,8282.11115483,439.6,452.37,457.08,437.71
2014-05-10,453.936972821498,4130.38790298,452.78,455.39,459.24,449.79
2014-05-11,440.816782227444,8863.68574441,457.7,440,458.2,429.6
2014-05-12,439.617525265414,4582.44144849,437.67,442.45,443.77,431.56
2014-05-13,437.195938501309,5969.67167394,442.5,439.12,442.75,430.61
2014-05-14,444.304664466565,6398.98824957,439.12,446,449.96,438.36
2014-05-15,449.105065085942,5496.48180562,444.07,446,452.67,444.02
2014-05-16,448.782627888682,3667.08110965,446.27,447.31,452.41,444.5
2014-05-17,448.390841600694,2295.07351646,447.55,449.06,451.48,445.01
2014-05-18,447.430649349134,2498.74305537,448.66,446.91,451.43,444.52
2014-05-19,446.312408294481,4723.48939284,446.91,448.34,450,441.44
2014-05-20,475.488933631571,28210.08506636,448.34,489,500,447.14
2014-05-21,495.166617641831,7111.8995869,489,493.98,499.1,487.11
2014-05-22,514.227897164035,17439.03492533,494,529.99,530,492.65
2014-05-23,531.752431241208,19619.56224587,529.99,523.77,547.1,518.55
2014-05-24,521.928155327531,5528.52161577,523.77,528.44,529.06,515.4
2014-05-25,565.296629831426,19782.59517625,528.45,573.9,586.34,527.09
2014-05-26,581.99253910559,11633.71988586,573.5,581.88,593.48,565.58
2014-05-27,574.021362693138,19805.25778576,581.87,572.7,595,550.22
2014-05-28,573.821191052061,8980.55145796,572.7,580.66,582.26,563.45
2014-05-29,568.980530326454,8110.31804184,580.66,572.37,582.1,560.05
2014-05-30,602.235217147732,22502.94353545,572.37,621,629.4,568.56
2014-05-31,621.209709293205,9696.70747452,621,627.8,628.5,611
2014-06-01,646.476509620105,24149.97945797,627.8,630.99,683.26,618.53
2014-06-02,646.104686218522,20087.27572293,630.99,661.22,678,613.03
2014-06-03,667.690345374,13572.80908815,662,670.14,680.99,649.61
2014-06-04,641.273936008898,17375.56805213,668.9,640.59,673.61,621.86
2014-06-05,657.067927224693,10724.8128158,640.55,661.48,669.63,639.69
2014-06-06,654.945280129707,6452.18388554,661.46,647.16,662.13,647.16
2014-06-07,648.58403567122,5749.30472799,651,657.13,657.13,635.88
2014-06-08,656.239371695203,2600.8503958,657.13,658,661.11,651.7
2014-06-09,647.646075094696,6798.26691408,658,648.83,659,639.93
2014-06-10,650.061259405284,5909.59291707,648.83,648.55,657.41,642.45
2014-06-11,633.979762949001,10429.62396539,648.55,620.62,652.39,615
2014-06-12,590.473986586019,24822.48984168,623.81,569.1,630.36,550
2014-06-13,587.208784813496,18670.61329898,569.98,592,611.99,563
2014-06-14,559.668425886933,16567.97164988,592.09,566.58,593.53,538.38
2014-06-15,571.33037988131,8807.69919892,566.58,588.55,593,552.11
2014-06-16,598.86365497741,10767.8271681,592,586.91,610,582.01
2014-06-17,598.155883666037,6588.30888155,587,606.48,610.2,580
2014-06-18,608.357658956073,6744.90183982,606.48,607,616,599.9
2014-06-19,602.046737196245,4638.14295037,607.99,593.4,609.98,590
2014-06-20,590.197494914521,6709.97949424,591.42,588.02,598.68,580.51
2014-06-21,588.077354760012,2949.19025766,590,591.29,594.99,580
2014-06-22,599.13907063744,3856.98903213,591.33,600.34,605.05,587.82
2014-06-23,587.798491900357,5295.94498307,600.34,588.22,601,580.46
2014-06-24,582.666033030744,6502.14511419,588.22,572.62,588.25,572.1
2014-06-25,564.54606841472,8893.45697276,574,560.4,579.7,554.45
2014-06-26,569.324089497269,4674.87892834,560.4,579.99,580.11,557.2
2014-06-27,585.438131814788,9183.33155023,580.09,599.99,600,574
2014-06-28,597.016043318877,3084.68947887,599.99,589.58,604.21,589.56
2014-06-29,596.218940874669,1593.33179969,591.46,599.89,601.79,589.56
2014-06-30,625.262086905208,15516.12603652,599.86,640.89,647.09,595.51
2014-07-01,648.667945005123,9497.73976296,640,638.25,658.88,638
2014-07-02,649.579976130539,5305.55272768,638.25,650.5,658.75,638
2014-07-03,645.796366479213,4969.91178981,650.49,645.99,652.79,638.79
2014-07-04,632.629631647407,8739.04642335,648.48,629,650.48,616.3
2014-07-05,629.462423234839,1830.57985986,628.81,630,632.97,623.23
2014-07-06,631.998052584207,3334.94354159,630.9,630.57,639,622.86
2014-07-07,623.334356811153,7109.07789511,633.87,622.09,636,612.9
2014-07-08,621.798475491154,2675.17329599,622.09,623.98,626.22,616.89
2014-07-09,622.754094492386,2303.75559449,623.98,621.97,626.88,618.71
2014-07-10,615.548444825595,6335.71200097,621.97,616.8,623.93,607.9
2014-07-11,626.326794985642,6094.53367548,616.87,634.99,635,613.46
2014-07-12,635.824676292448,3794.25754759,634.99,638.1,642.57,628.7
2014-07-13,633.410308780146,4158.79112509,637.9,630.88,638.73,626.09
2014-07-14,622.780132728761,3827.4245259,630.88,621.15,632,616.84
2014-07-15,621.928837660956,3535.74807055,621.15,622.9,626.25,616.09
2014-07-16,616.984916704528,5348.93295307,622.9,616.86,625,610.01
2014-07-17,619.276858056573,4902.142579,617.39,623,629,610
2014-07-18,625.859654005549,5026.34015101,626.3,631.84,632.96,618.46
2014-07-19,628.728624288186,1923.59164607,632.59,628.63,632.6,625
2014-07-20,624.092853862263,1467.59140174,630,626.92,630,620
2014-07-21,619.686241759468,3959.6554446,626.98,622.73,628,615
2014-07-22,622.486725937716,3364.10445806,622.63,618.26,624.99,618.26
2014-07-23,620.323069906469,4040.73704089,619.99,620.99,623,615.51
2014-07-24,605.224279668114,10241.00858618,620.95,601.78,621.99,591.12
2014-07-25,600.196019834169,4843.77880284,603.96,602.9,609.65,592.97
2014-07-26,594.47215101489,3607.97621754,602.93,596.23,603,590
2014-07-27,595.508137469572,3792.78527365,596.23,590.51,602.83,589
2014-07-28,582.094194608371,10539.93211413,592.61,586.64,596,570.5
2014-07-29,582.902534144266,4084.10767328,589.88,585.4,591.95,578
2014-07-30,570.980697300636,10498.74204272,585.94,563.63,586,557.12
2014-07-31,576.623742011096,9383.41349936,563.83,582.04,590,555.9
2014-08-01,595.678645144261,11939.59492142,583.99,598.2,607.2,581.77
2014-08-02,591.627706708992,3529.71854524,597.84,589.59,599.09,584.95
2014-08-03,583.837201795021,2802.92118247,589.6,588.91,591,578.21
2014-08-04,588.185156001143,5259.62783511,588.96,588.5,595.7,581.8
2014-08-05,582.02164258841,6905.3529219,588.5,581.76,589,578.25
2014-08-06,581.740524068886,7580.22972012,581.75,581.16,586.36,576.44
2014-08-07,585.584776817265,4436.02538924,581.16,585.25,591.9,579
2014-08-08,590.237360699608,4367.06223673,585.84,588.7,595,584
2014-08-09,587.594965001162,1626.62584577,588.99,587.97,591.35,585.21
2014-08-10,591.455473552528,3211.09141939,589.82,590.96,597,586
2014-08-11,579.813355490739,6086.60291397,590.98,573.97,590.99,571
2014-08-12,568.085072065254,6463.80393643,574.55,566.9,574.59,561.9
2014-08-13,544.694070533222,25509.09742988,569.39,548.81,572,524.55
2014-08-14,515.949387682058,25826.72212001,549.85,507.99,551.86,497
2014-08-15,500.794618392029,16594.58663564,507.99,500.25,521.79,481.55
2014-08-16,506.359990137641,12657.92306735,502.48,521.97,529.8,485
2014-08-17,501.656162686463,10314.49245533,523.47,496.86,524.8,485.39
2014-08-18,470.085143013786,28851.03396159,498,473.96,510,442
2014-08-19,479.832545825358,17807.05682966,472.43,491.98,493.98,453.01
2014-08-20,498.992536588959,19220.07652475,491.99,516.39,527.01,466
2014-08-21,521.322640751824,14187.29751604,516.39,519.28,534.14,510
2014-08-22,514.406379900342,15393.04567173,519.29,514.65,528,500.01
2014-08-23,500.774485269063,8432.27651658,514.65,496.77,514.69,487
2014-08-24,504.912821204257,5765.3573197,496.96,507.85,515.95,495.02
2014-08-25,502.73824999011,5773.91627729,507.84,503.82,508.46,496.79
2014-08-26,509.554172876538,6716.16026767,503.74,512.18,516,502.27
2014-08-27,516.10783757482,7791.96468822,514.41,511.87,523.09,510
2014-08-28,510.170586638511,7119.02351699,511.87,506.01,514.98,505.93
2014-08-29,508.084682736282,7246.60661668,506.94,507.95,514.98,501.25
2014-08-30,502.971402155302,4403.40225745,509.3,500.85,509.42,498.13
2014-08-31,486.468676696422,11289.83523732,501.49,479.02,504.75,473.33
2014-09-01,479.860311457902,9091.87194074,479.01,474.54,490,472.01
2014-09-02,477.454004406257,7333.51314038,475.89,474.49,484.61,470.42
2014-09-03,474.879483316616,4742.88446091,474.5,474.87,477.99,471
2014-09-04,484.860254914776,10793.6031862,474.86,487.47,497,471.04
2014-09-05,481.898527254292,5212.43495157,489.61,477.65,489.96,473.03
2014-09-06,481.003965096193,2770.79627418,477.65,479.78,485,477.16
2014-09-07,479.256616026896,2858.65175279,479.99,475.43,483,474.95
2014-09-08,468.681143541743,14567.96157896,477.4,468.31,478.39,456.3
2014-09-09,467.552944643644,9121.83125763,468.32,473.2,476.4,459.18
2014-09-10,482.206752082091,11509.59447324,473.34,476.58,492,473.32
2014-09-11,473.823326593836,7936.72859426,477.78,475.9,480,465
2014-09-12,470.015499664668,6097.71157068,477.43,474.62,478,462
2014-09-13,476.674940572368,5828.26364902,472.75,477.98,480.13,467.43
2014-09-14,477.421995135983,3884.67652657,477.99,475.48,481.58,473.59
2014-09-15,474.203174764479,6221.85047546,475.47,469.47,479.62,467.76
2014-09-16,468.083870595845,5948.7590007,469.47,462.04,473.69,462
2014-09-17,453.805492259924,12477.77437895,463.48,452.1,465.57,443.57
2014-09-18,429.342164910542,22063.88469165,452.99,425,452.99,407.94
2014-09-19,399.558519996113,29732.72036196,426.62,395.86,429,378.78
2014-09-20,413.958888649011,19916.52493458,395.86,409.32,431.11,390
2014-09-21,401.88064256375,14182.71565192,410.92,399.75,413.53,390
2014-09-22,402.033860433999,10803.01757962,400.77,399.98,409.38,396.26
2014-09-23,427.00938420049,26999.29385,399.77,438.97,452.67,393.6
2014-09-24,428.890530166881,14141.19892519,440.85,423.58,441.78,418.83
2014-09-25,411.259990506231,15016.869054,423.55,408.76,423.9,400
2014-09-26,404.938349391998,9921.11699487,410,403.57,414.35,396.53
2014-09-27,402.164333835365,5472.59979258,405.08,401.6,408.99,396.57
2014-09-28,384.298547579476,16139.76492826,399.16,375.34,403.99,368.9
2014-09-29,376.976876524626,20026.50713044,375.35,374.2,386.03,365.2
2014-09-30,384.315264800167,14289.95929522,374.17,391.09,397.75,371.8
2014-10-01,384.277206762437,13037.59844952,389.56,384.86,393.79,377.01
2014-10-02,377.504179189805,10414.19712293,384.85,374.68,385.82,372
2014-10-03,364.242910689294,20408.97505396,376.29,358.74,378.11,353.75
2014-10-04,339.996442470421,28981.80406599,358.71,326.21,365.07,322.04
2014-10-05,305.809261433834,61726.3716087,326.24,323.52,339.43,275
2014-10-06,315.473233131509,69537.66216756,322.82,328.59,347,295.89
2014-10-07,326.815868529015,22961.89001301,328.56,334.8,336.99,312.37
2014-10-08,343.178761347103,28614.8310651,334.8,355.72,359,326.93
2014-10-09,369.164386126127,47817.25004767,355.73,364.01,395.55,349
2014-10-10,362.197445271347,20543.27563738,364.01,360.89,380.08,351.1
2014-10-11,360.411596917364,9973.2687058,360.85,362.17,368.06,352.1
2014-10-12,367.49594953504,14250.47171152,362.77,378.11,383.6,354.71
2014-10-13,384.699456792819,26083.74635605,378.48,392.6,405,368.07
2014-10-14,405.32159018255,24822.16245713,392.99,403.37,417.99,390.48
2014-10-15,393.667677204229,19147.69042041,402.01,394.52,404.32,385.92
2014-10-16,382.242945199203,22776.51542094,394.52,383.5,399,370.1
2014-10-17,379.661967703844,10507.82628734,384.19,383.65,386,370.96
2014-10-18,388.157748506605,7074.8254279,383.2,390.66,397.29,377
2014-10-19,389.431656627826,3242.37367978,390.59,387.58,394.25,385
2014-10-20,381.934318876705,12081.79942479,389.06,381.21,390.65,376.2
2014-10-21,387.021169507282,7953.32305008,381,385.81,393.55,378.98
2014-10-22,384.180160573469,8315.65019597,385.79,382.04,388.87,380
2014-10-23,366.326294700028,21058.44056541,382.04,357.18,384.55,352.4
2014-10-24,355.852749182771,15639.50451721,356.81,358.86,363.71,344.34
2014-10-25,348.660820260727,11095.79913905,358.78,348.69,359.1,341.22
2014-10-26,354.719874169892,7916.85437019,348.69,355.18,363,344.5
2014-10-27,353.536671141207,9540.67167766,355.19,350,358.65,349.21
2014-10-28,354.821630975263,7003.9364508,351.03,356.96,359.5,350.09
2014-10-29,343.847093810794,13256.25448124,355.71,335.7,355.99,333.33
2014-10-30,341.645129802228,14119.76518683,336.37,346.14,352.83,332.99
2014-10-31,341.638584596213,7525.75724528,346.14,337.77,347.96,335.5
2014-11-01,326.711981228277,14970.5578556,337.99,324.7,339.47,316.61
2014-11-02,323.644621579233,8335.4168615,324.55,324.36,329,318.24
2014-11-03,328.920682942444,11276.27248027,324.23,325.5,333.99,322.74
2014-11-04,326.996017275629,13703.07796895,326.45,330.22,332.9,320
2014-11-05,338.450623136589,15373.39989187,329.96,338.38,344.17,328.8
2014-11-06,345.692508604141,14288.79665307,338.37,349.99,353.1,336.27
2014-11-07,345.025721572242,7243.12542476,349.99,342.16,352.15,340.4
2014-11-08,343.81012103552,3771.0324892,342.16,345.39,347.75,340.6
2014-11-09,355.738237939387,10537.15947888,346.19,364.77,366.35,343.4
2014-11-10,369.217487945416,19273.07459974,365.37,366.43,377.77,357.3
2014-11-11,366.496087455405,7702.42181852,366.43,370.6,371.52,360.28
2014-11-12,405.787410595368,44040.4020956,370.09,426.63,434.8,369.85
2014-11-13,420.127182789904,49884.51198201,426.64,420.93,453.92,381.55
2014-11-14,397.947979850291,21657.71043489,417.85,399.98,420.3,382.95
2014-11-15,382.970281762406,14428.76907096,399.97,376.99,407.22,369
2014-11-16,385.34680745335,9680.49225548,376.97,389.86,395,375
2014-11-17,396.074609869232,24309.43918879,389.86,387.69,415,375
2014-11-18,379.667445451971,15205.2559529,388.79,374.88,394.64,371
2014-11-19,379.448431630402,8984.9812234,374.87,379.03,386.39,371.7
2014-11-20,363.520498984238,16380.89470034,379.04,356.47,381.8,351.8
2014-11-21,351.544257982285,15248.88656337,356.47,351.2,358.49,342.05
2014-11-22,359.073694249689,6705.69768625,351.19,353.12,365.93,350.7
2014-11-23,363.318796375212,7971.8468309,354.29,367.17,373.5,353.01
2014-11-24,377.688836963725,19079.67673317,367.03,375.99,389.99,366.67
2014-11-25,383.475601545042,16156.69521149,375.99,377.37,395.11,374.31
2014-11-26,370.591094442715,13021.29404586,377.68,368.5,379.22,363.38
2014-11-27,371.139873462238,6218.38973362,368.5,369.98,375.33,366.37
2014-11-28,369.852301528921,13791.86724228,369.98,376.86,381.34,358
2014-11-29,379.003685381593,7252.09196527,376,375.49,386.6,372.25
2014-11-30,376.093100604243,3085.29878738,375.48,377.01,381.99,373.32
2014-12-01,378.383785959738,6937.82496739,376.09,376.53,382.31,373.03
2014-12-02,379.728029855411,6550.77898256,376.53,379.52,382.86,375.23
2014-12-03,378.857046434179,8457.23114708,379.52,375.33,383,374.01
2014-12-04,368.643927260183,12332.87330712,376.61,369.16,378.99,360
2014-12-05,372.432703793488,8600.51463149,369.89,376,377.89,365.61
2014-12-06,374.668891315987,2386.1287834,376,375.05,376.99,371.31
2014-12-07,376.100300769765,2490.66834657,375.05,377.26,377.5,373.16
2014-12-08,367.081303992289,12336.72926731,376,361.3,377.26,359.01
2014-12-09,351.227902814569,19034.12180696,362.74,352.03,364.59,343.97
2014-12-10,349.952147836386,6964.18847778,352.02,345.21,353.74,345
2014-12-11,353.523017947531,16159.74714638,345.22,348.9,364.43,339.8
2014-12-12,354.071879962561,8079.63021756,348.88,352.24,358.59,348
2014-12-13,350.187834291411,3845.24282719,353.33,351.67,354.41,347.03
2014-12-14,353.972219860642,6538.8930965,351.67,356.52,359.3,347.44
2014-12-15,350.911432501909,8092.84138056,357.3,349,357.3,346.21
2014-12-16,337.643584434752,18183.37192451,348.85,329.05,349.35,327.34
2014-12-17,322.900875125188,22891.99364168,329.05,322,335.99,315.23
2014-12-18,313.689908828239,21603.61278539,321.96,312.67,325.61,304.99
2014-12-19,313.308620124258,15995.61891376,312.65,318.33,320,307.11
2014-12-20,324.743126492723,11378.8885085,318.58,331.79,333,316.52
2014-12-21,324.466665834781,6358.0824846,331.77,320.01,332.31,318.78
2014-12-22,328.256868769435,11812.76642619,320.88,331.56,333.99,319.9
2014-12-23,333.772334728042,7679.77400906,332.52,336.9,338.99,327.49
2014-12-24,328.985399286214,5884.87599768,336.9,323.06,336.9,320.92
2014-12-25,319.61717039943,3888.24814964,323.03,319.86,323.72,316.63
2014-12-26,325.717071230513,6406.26442873,319.87,328.27,332,316.64
2014-12-27,317.912173223493,8687.53555717,329.31,316.47,329.31,311.63
2014-12-28,315.213313886698,4121.07585359,316.48,317.64,319.56,311.22
2014-12-29,314.589807380156,6929.62620397,317.64,313.01,320.14,310.26
2014-12-30,312.562426828905,8885.65978227,313.36,311.07,316.77,310
2014-12-31,315.907676488267,6338.20111979,311.1,321,321,310.69
2015-01-01,315.637118757778,3087.43655395,321,313.81,321,312.6
2015-01-02,314.981849079309,3468.28137523,313.82,315.42,317.01,311.96
2015-01-03,297.707694691217,21752.71914628,315.42,281.11,316.58,280
2015-01-04,271.87294950411,41441.27855287,280,264,289.39,255
2015-01-05,272.546600566337,9528.27100203,264.55,276.8,280,264.07
2015-01-06,NA,0,NA,NA,NA,NA
2015-01-07,NA,0,NA,NA,NA,NA
2015-01-08,NA,0,NA,NA,NA,NA
2015-01-09,292.315153409107,9914.24959431,296.64,293.97,305,272.45
2015-01-10,284.126536580163,29448.7778452,293.89,275.59,295,271.03
2015-01-11,272.807499072524,12758.94904418,275.6,266.39,280.94,262.08
2015-01-12,269.501400814117,10478.25021362,266.34,267.42,272.43,263.54
2015-01-13,235.968829021895,60556.16271657,267.1,227,268.15,216
2015-01-14,189.84199091334,124188.88508262,227.01,171.59,230.89,152.4
2015-01-15,207.347428716407,83488.41618527,172,210.98,233.9,168.5
2015-01-16,210.717543936356,34723.34835252,210.69,208.03,223.15,198.04
2015-01-17,200.718519771363,19121.88947943,208.02,199.69,212.84,192.17
2015-01-18,209.769208621356,18205.18036191,199.69,211.85,222,195.02
2015-01-19,213.355948806417,13037.39910942,211.8,216.34,220.94,207.7
2015-01-20,210.52203938015,14129.24018574,216.01,210.65,216.81,201.98
2015-01-21,216.891751010958,23160.65691071,211.94,227.16,228.9,205
2015-01-22,232.692312442259,25405.32961321,227.77,234.08,239,226.01
2015-01-23,232.162558838197,15268.26848621,234.08,233.64,240,225.55
2015-01-24,242.057429233713,13793.77647935,233.42,249.32,249.99,230.03
2015-01-25,249.640836163978,28760.92842785,249.33,254.94,257,241.33
2015-01-26,282.214360268813,55829.61359418,254.67,274.8,309.9,254.67
2015-01-27,258.236159703711,21159.82627628,274.76,263.98,278.51,243.1
2015-01-28,245.281803960073,28092.33473262,263.97,236.07,266.45,225.91
2015-01-29,232.007001619581,26012.16941088,236.07,235.77,242.18,220
2015-01-30,234.355736942279,20614.83694356,235.1,228.98,244.98,225.52
2015-01-31,227.733234147504,19208.27905286,228.03,216.9,234.8,215.75
2015-02-01,221.570010985531,18408.25262142,218.04,226.93,233,208.48
2015-02-02,229.221868042609,15612.79489965,226.93,238.47,241.98,221.79
2015-02-03,235.249940337221,17499.53324051,238.38,227.75,244.39,223.79
2015-02-04,225.05877951114,14983.46398269,227.94,227,231,220.02
2015-02-05,219.709668100946,12982.78595784,226.93,216.81,229,210.43
2015-02-06,219.52838964461,10951.78709403,216.46,223.37,225.86,210.59
2015-02-07,227.10319968307,9663.67430958,223.44,228.3,231.14,221.77
2015-02-08,224.819776262867,13775.00949471,228.79,223.88,232.89,217.28
2015-02-09,219.563655377221,19473.95664749,223.92,220.9,225.99,215
2015-02-10,218.613663025264,6882.64684416,220.91,220.42,222,215
2015-02-11,221.19009174878,10676.2930765,220.42,219.55,223.43,217.99
2015-02-12,221.129580449585,6964.60636718,219.57,223,223.09,218.01
2015-02-13,234.176109709751,21412.45902435,223.02,237,242.35,221.37
2015-02-14,249.314703529316,19824.7530547,237,256.99,259.31,236.9
2015-02-15,247.735778893613,29173.27099242,256.81,235.63,267.92,227.75
2015-02-16,235.989636696216,12394.82940626,235.61,234.7,241.23,229.2
2015-02-17,241.311659374465,13121.54112887,234.69,244.7,248.78,232.01
2015-02-18,239.025012177142,12821.91161908,244.6,237.36,247,232.01
2015-02-19,240.111597533528,8704.33972786,237.37,240.6,245.01,235.59
2015-02-20,245.117599481667,9342.68925514,240.61,245.48,249.32,239.41
2015-02-21,245.603070595073,2982.21200485,245,245.41,247.8,244
2015-02-22,237.768269808639,7751.74971592,245.84,236.5,247.42,232.48
2015-02-23,236.477473437297,6327.72647507,236.46,239,241,232.05
2015-02-24,238.995822123584,5144.11355689,239.63,239.55,240.97,236.07
2015-02-25,238.243244465759,3810.53504108,239.53,237.97,240.98,236
2015-02-26,236.455101544064,5492.00801445,237.99,236.84,238.55,234.01
2015-02-27,250.200285789139,22012.00337072,236.83,252.78,256.15,236.16
2015-02-28,251.11500554051,5626.62832387,252.29,253.47,254.56,245.2
2015-03-01,253.070495509455,9678.17855999,253.45,258.34,260.25,245
2015-03-02,265.88663662349,18015.2597941,258.01,274.93,277,255.61
2015-03-03,274.767830479363,20977.32087667,275.95,280.93,284.95,265.89
2015-03-04,275.394051151209,14313.16689305,281.03,270.78,283.88,264.94
2015-03-05,270.290243210743,11428.33845657,270.72,273.09,280.5,262.2
2015-03-06,272.662328924028,6853.27991548,273.46,272.66,276.46,269
2015-03-07,274.945232371167,5716.65477613,272.61,276.71,279.48,270
2015-03-08,274.449584173674,4430.69079482,276.71,275,277.57,271.12
2015-03-09,282.890116569519,11996.31878526,275,287.12,289,274.17
2015-03-10,291.185167893081,13129.06090198,287.12,290,296.8,283.96
2015-03-11,292.114485038977,6737.50300267,290.08,296.54,296.79,285.83
2015-03-12,294.508522559908,7880.67396576,296.44,295.31,297.95,289
2015-03-13,289.082070300994,9610.54940209,295.66,283.25,295.66,282.99
2015-03-14,283.963877535172,5375.79972728,283.23,282.01,287.69,280.46
2015-03-15,285.195762338319,2430.04567943,282.36,286.73,287.75,281.42
2015-03-16,290.775833514982,6499.91827306,286.79,289.27,294.26,285.78
2015-03-17,288.151260674162,6447.41955337,289.27,282.8,292.99,281.9
2015-03-18,267.194392694619,21654.68207136,282.8,256.81,284,249.02
2015-03-19,258.497133980401,15017.74171871,256.59,261.81,265.95,249
2015-03-20,260.820603739979,5678.38004156,261.97,261.96,265.27,257
2015-03-21,259.423197253068,4623.89487205,261.92,260,262.49,256.25
2015-03-22,265.006073196499,5976.83852547,260,267.74,272,259.24
2015-03-23,265.975942725427,8658.47290411,268.36,265.94,270.07,259.5
2015-03-24,249.972415310349,19052.72970777,265.98,245,266.52,241.84
2015-03-25,243.540041230919,12881.632767,245.3,246.94,250,236.4
2015-03-26,250.604126534798,8385.93723302,246.99,249.23,253.75,244.91
2015-03-27,247.935473377094,6089.84638076,249.23,247.93,250.52,245.12
2015-03-28,251.239231186045,5685.6395593,247.93,252.87,253.83,247.25
2015-03-29,244.056506305914,6690.22838851,252.91,242,252.96,239.96
2015-03-30,244.925932142306,7951.74713786,242.41,247.95,248.86,236.52
2015-03-31,243.672435519451,8114.08955665,247.95,244.24,248.59,238.55
2015-04-01,243.109050194147,6226.01646439,243.93,246.69,246.83,239.32
2015-04-02,250.199654729211,9806.82220308,246.68,253.28,256.96,244.52
2015-04-03,254.164902024655,5048.57737559,253.22,254.19,256.67,251.23
2015-04-04,252.875869686723,2769.28165782,254.19,253.69,255.85,250.76
2015-04-05,256.883285216734,5759.36016001,253.6,260.54,261,251.65
2015-04-06,257.604179869386,5960.67763299,260.57,255.45,262.98,254
2015-04-07,254.237259813533,6010.26758151,255.54,253.72,256.62,251.5
2015-04-08,246.810406618584,11663.65615515,253.71,244.58,254.96,243.06
2015-04-09,243.281477786805,7943.71054055,244.84,243.43,246.3,238.47
2015-04-10,236.236497007758,11549.63065654,243.78,235.99,243.94,231
2015-04-11,236.127821754529,4108.50400057,235.99,236.15,239.42,233
2015-04-12,236.139098631975,3173.32765095,236.09,236.5,237.5,233.42
2015-04-13,228.98747397471,13924.2267056,236.42,223.15,236.9,219.64
2015-04-14,217.763056845855,18582.18957531,222.97,215.8,224.79,210
2015-04-15,219.965716596879,9949.32442139,215.74,222.88,222.88,214.05
2015-04-16,226.69003691855,10834.87328684,222.84,227.5,229.67,222.44
2015-04-17,223.548446728885,7928.39539992,227.35,222.6,228.29,220
2015-04-18,222.695301682994,4620.31557899,222.6,223.4,224.72,220.32
2015-04-19,224.762456884845,5901.49567575,223.35,222.54,227.35,221.91
2015-04-20,224.265426104775,5966.8612393,222.54,224.3,226.51,221.43
2015-04-21,229.046086530222,9923.67825035,224.3,235.74,236,223.91
2015-04-22,235.207401279198,10710.5002402,235.71,233.58,238.64,229.1
2015-04-23,234.469806003128,8352.85732174,233.25,235.98,236.22,232.01
2015-04-24,231.182815197736,8543.66710734,235.61,230.24,236,228
2015-04-25,228.258102581877,5286.09859352,231.04,226.12,232.29,225.7
2015-04-26,219.387440392737,11238.3562881,226.12,219.52,227.26,214.98
2015-04-27,222.77989237589,13816.49148053,219.52,227.23,229.93,217.52
2015-04-28,224.789477812947,9345.78320741,227.17,225.16,227.56,221.45
2015-04-29,224.817523769023,8668.36064954,225.18,225.48,226.99,221.81
2015-04-30,233.260865282186,12490.20235984,225.5,236.2,240,224.6
2015-05-01,234.754593719774,6687.12335919,236.47,231,239.23,230.51
2015-05-02,232.432403550747,4350.05906771,231.05,233.83,234.9,229.87
2015-05-03,239.115885267223,4407.81416718,233.83,239,242.25,232.31
2015-05-04,238.585355035969,7504.68875392,239.73,238.34,242.2,236.07
2015-05-05,233.605344276291,8621.54731857,238.22,235.15,238.78,229.66
2015-05-06,232.88492997129,8623.82721204,235.18,228.49,235.94,227.01
2015-05-07,233.297630465025,11062.64912012,228.33,236.87,240,227.35
2015-05-08,241.344356358097,9486.75496765,236.92,243.2,246.57,235.29
2015-05-09,242.145927875648,5499.60615915,243.22,241.96,247.01,238.62
2015-05-10,240.833305106412,3520.24220877,241.83,239.13,244.99,238.02
2015-05-11,240.800122425067,9690.63948632,239.14,241.3,244.51,237.99
2015-05-12,240.26344036372,8418.71568249,241.3,241.03,242,237.54
2015-05-13,240.702127531233,9332.46630536,241.03,235.97,244.14,235.06
2015-05-14,236.76347133196,7530.5008083,235.97,237.13,239.7,232.22
2015-05-15,237.205999636759,4536.92896144,237.12,237.37,239.28,235.12
2015-05-16,235.990962966196,3116.78947332,237.39,235.66,237.4,234
2015-05-17,235.973434015352,2645.16140795,235.21,235.97,237,234.15
